PROJ_NAME,ADDRESS
Abbot Street/ Shawmut Ave,"100 Shawmut Ave, Boston, MA 02118, United States"
Academy Homes I,"1592 Columbus Ave, Roxbury, MA 02119, United States"
Academy Homes II,"2926 Washington St, Roxbury, MA 02119, United States"
Adams Court Phase A,"59 Msgr Patrick J Lydon Way, Boston, MA 02124, United States"
Adams Court Phase B,
Adams Templeton Elderly Housing,"445 Adams St, Dorchester, MA 02122, United States"
Alcott Apts [Garden Garage],"35 Lomasney Way, Boston, MA 02114, United States"
Alexander-Magnolia,"36 Alexander St, Boston, MA 02125, United States"
"Alice H. Taylor (Mission Hill Ext.) (2-14, -60,-84,-86,-100)",
Allele Condominium,"150 Dorchester Ave, Boston, MA 02127, United States"
Alleyne (VUP) CDFI,
Alpine Street Village,"Alpine St, Boston, MA 02136, USA"
Amiff Housing,"64 American Legion Hwy, Boston, MA 02124, United States"
Amory Foundry (Phase I),"284 Amory St, Boston, MA 02130, United States"
Amory Street (2-45),"245 Amory St, Boston, MA 02130, USA"
Amory Terrace,"Amory Terrace, Boston, MA 02119, USA"
Amy Lowell House,"65 Martha Rd, Boston, MA 02114, United States"
Anderson Park,"250 Cambridge St # 1, Boston, MA 02114, United States"
Andrade (VUP),
Andrew Square Apts,"235 Old Colony Ave, Boston, MA 02127, United States"
Angela Westover House,"536 Granite St, Braintree, MA 02184, United States"
Annapolis (2-27),"Boston, MA 02128, United States"
Archdale (200-7),"200 Archdale Rd, Boston, MA 02131, USA"
Archstone Boston Common,"660 Washington St, Boston, MA 02111, United States"
Armory Condos,"380 Bunker Hill St, Charlestown, MA 02129, United States"
Ashmont (2-28),"228 Ashmont St, Boston, MA 02124, USA"
Ashmont TOD (Housing),"1916 Dorchester Ave, Dorchester, MA 02124, United States"
Astoria Street Condos (Elizabeth Street),"217 Elizabeth St, New York, NY 10012, United States"
Atlantic Wharf,"280 Congress St, Boston, MA 02210, United States"
Atrium Lofts,"156 Porter St, Boston, MA 02128, United States"
Audubon Apts,"Audubon Circle, Boston, MA 02215, United States"
Ausonia (2-61),
Ava Theater District,"45 Stuart St, Boston, MA 02116, United States"
Avalon at North Station,"1 Nashua St, Boston, MA 02114, United States"
Avalon at Prudential Center,"780 Boylston St, Boston, MA 02199, United States"
Avana Lofts,"42 Beach St, Boston, MA 02111, United States"
Avenir Development,"101 Canal St, Boston, MA 02114, United States"
Avondale Place,"Avondale St, Boston, MA 02124, USA"
Babcock Tower,"270 Babcock St, Boston, MA 02215, United States"
Back of the Hill 202,"100 S Huntington Ave, Jamaica Plain, MA 02130, United States"
Back of the Hill HOP,"100 S Huntington Ave, Boston, MA 02130, United States"
Bailey (VUP),
Baker Square Condominium,"1243 Adams St, Boston, MA 02124, United States"
Balina Place at Norfolk St/Habitat,"434 Massachusetts Ave Suite 201, Boston, MA 02118, United States"
Bancroft Apts,"16 Ware St, Cambridge, MA 02138, United States"
Baptista (VUP),"26 City Hall Mall, Medford, MA 02155, United States"
Barlett Square,"154 Green St, Boston, MA 02130, United States"
Barnes School 202,
Bartlett Place Building E,"2565 Washington St, Boston, MA 02119, United States"
Bartlett Place/Building B,"2565 Washington St, Boston, MA 02119, United States"
Basilica (667-6),"106 13th St, Boston, MA 02129, United States"
Bates School/Artblock 731,"731 Harrison Ave, Boston, MA 02118, United States"
Bay Cove Group Homes I,"39 Glencliff Rd, Boston, MA 02131, United States"
Bay Cove Group Homes III,"66 Canal St, Boston, MA 02114, United States"
Bay Cove Group Homes IV,"44 Fairmount St, Boston, MA 02124, United States"
Bay Cove Hyde Park,"39 Glencliff Rd, Boston, MA 02131, United States"
BCN Properties,"30 Bower St, Boston, MA 02119, United States"
Beacon House,"19 Myrtle St #208, Boston, MA 02114, United States"
Beasley (VUP),"Sports Medicine Division, 319 Longwood Ave, Boston, MA 02115, United States"
Belgrade Place,"446 Belgrade Ave, West Roxbury, MA 02132, United States"
Bellflower (2-77),"24 Bellflower St, Boston, MA 02125, United States"
"Berkeley Investments, Inc.","125 High St #531, Boston, MA 02110, United States"
Beryl Gardens,"Beryl St, Boston, MA 02131, USA"
BHA Infill 1A - Quincy Geneva,"320 Blue Hill Avenue # B, Boston, MA 02121, United States"
BHA Infill 1B - Codman Square NDC,"587 Washington St, Dorchester Center, MA 02124, United States"
BHA Infill 2 - Urban Edge,
BHA Infill 3 - Nuestra,"52 Chauncy St, Boston, MA 02111, United States"
BHP Codman Square,"637 Washington St, Boston, MA 02124, United States"
BHP Fields Corner,"1 Arcadia St, Dorchester, MA 02122, United States"
BHP Frawley-Delle,"706 Huntington Ave, Boston, MA 02115, United States"
BHP Hano Street,"Hano St, Boston, MA 02134, USA"
BHP Lena Park,"150 American Legion Hwy, Dorchester, MA 02124, United States"
BHP Quincy-Geneva,"320 Blue Hill Avenue # B, Boston, MA 02121, United States"
BHP Washington Park,"330 M.L.K. Jr Blvd, Boston, MA 02119, United States"
BHP Westland Ave,"10 Westland Ave, Boston, MA 02115, United States"
Bickford (2-25),
Bird St. Estates,"500 Columbia Rd, Dorchester, MA 02125, United States"
Blackstone Apts,"33 Blossom St, Boston, MA 02114, United States"
Blake Estates I,"1344 Hyde Park Ave, Hyde Park, MA 02136, United States"
Blake Estates II,"1344 Hyde Park Ave, Hyde Park, MA 02136, United States"
Blandino Farms,
Blessed Sacrament Mixed-Use (Rental + SRO),"31 Germania Street, Building A, Jamaica Plain, MA 02130, United States"
Bloomfield Gardens,"Bloomfield St, Boston, MA 02124, USA"
Blue Hill Commons,"Blue Hill Commons Condominiums, 3000 Davenport Ave, Canton, MA 02021, USA"
Blue Mountain Assoc.,"457 Blue Hill Avenue, Boston, MA 02126, United States"
Border Falcon Condominiums,"301 Border St, Boston, MA 02128, United States"
Boston East,"126 Border St, Boston, MA 02128, United States"
Boston Kenmore Realty LLC,"474 Commonwealth Ave, Boston, MA 02215, United States"
Boston Landing,"Boston, MA 02135, United States"
Boston Rehab,"940 Commonwealth Ave, Boston, MA 02215, United States"
Boston Trailer Park Tenants,"1515 VFW Pkwy, West Roxbury, MA 02132, United States"
Boston Wharf Tower,"65-85 E India Row, Boston, MA 02110, United States"
Boston's Hope in Dorchester,"71 Kingsdale St, Dorchester Center, MA 02124, United States"
Bowditch School Lodging House,"43 Loring Ave, Salem, MA 01970, United States"
Bowdoin Geneva Phase III (HOME AGAIN),"200 Bowdoin St, Dorchester, MA 02122, United States"
Bowdoin Place,"Bowdoin St, Boston, MA 02114, USA"
Bowdoin School,"45 Myrtle St, Boston, MA 02114, United States"
Bowdoin/Geneva - HOME AGAIN,
Bowdoin/Geneva (Phase II),
Bowdoin-Geneva & Dudley FTHB,"200 Bowdoin St, Dorchester, MA 02122, United States"
Bowdoin-Geneva & Dudley Rental,"200 Bowdoin St, Dorchester, MA 02122, United States"
Bowen (VUP),"22 Boston Wharf Rd, Boston, MA 02210, United States"
Boylston St Mixed Use,"501 Boylston St, Boston, MA 02116, United States"
Boylston West (Fenway Triangle Mixed Use),"180 Brookline Ave, Boston, MA 02215, United States"
Bradford Estates,
Bradlee-Fowler,
Bradley Properties,"340 Shawmut Ave, Boston, MA 02118, United States"
Brandywyne Village,"88 Brandywyne Dr, East Boston, MA 02128, United States"
Brantley (VUP),
Braxton (VUP),
Brewery Lofts,"251 Heath St, Jamaica Plain, MA 02130, United States"
BRIAN J HONAN APARTMENTS,"57 Everett St N, Allston, MA 02134, United States"
Brighton Gardens,"Brighton Ave, Boston, MA, USA"
Brighton-Allston Apts,"57 Everett St N, Allston, MA 02134, United States"
Brighton-Allston Elderly,"677 Cambridge St, Brighton, MA 02135, United States"
"Bromley Park (2-19, -75, -101)",
Brook Avenue Cooperative,"147 Moreland St, Roxbury, MA 02119, United States"
"Brookford, Dalin and Dean St. Homes (Julian Phase 2 HOME AGAIN)",
Brookside Artists Housing,"Brookside Ave, Boston, MA 02130, USA"
Brookview House,"2 Brookview St #1, Dorchester Center, MA 02124, United States"
Brookview House II,"2 Brookview St #1, Dorchester Center, MA 02124, United States"
Brookview House III,"2 Brookview St #1, Dorchester Center, MA 02124, United States"
Brown (VUP),
"Brown, J & D (VUP)",
Brown-Kaplan Townhomes,"754 Blue Hill Avenue, Dorchester, MA 02121, United States"
Brownstone Apartments,"163 W Springfield St # A, Boston, MA 02118, United States"
Brunswick Street,"Brunswick St, Boston, MA 02121, USA"
Brush Hill Commons,"Brush Hill Rd, Milton, MA, USA"
Buckminster Hotel,"645 Beacon St, Boston, MA 02215, United States"
Buildable Lots - Codman Square,"587 Washington St, Dorchester Center, MA 02124, United States"
Buildable Lots - Ferndale,"2273 Dorchester Ave, Boston, MA 02124, United States"
Buildable Lots - Uphams,"500 Columbia Rd, Dorchester, MA 02125, United States"
Buildable Lots- 1&2,
Buildable Lots- 3&4,"11 Hancock St, Charlestown, MA 02129, United States"
Buildable Lots- 5,"68 Armandine St, Boston, MA 02124, United States"
Buildable Lots- 6,"981 Morton St, Boston, MA 02126, United States"
Building 104,"50 Terminal St, Charlestown, MA 02129, United States"
Builduing 33 at Navy Yard,"33 3rd Ave, Boston, MA 02129, United States"
Burbank Gardens,"Burbank St, Boston, MA 02115, USA"
Burton Apts (18u),"1575 Tremont St #1107, Boston, MA 02120, United States"
Burton-Dudley,"Burton Ave, Boston, MA 02119, USA"
Call Carolina Homes,"31 Germania Street, Building A, Jamaica Plain, MA 02130, United States"
Callender|Floyd|Stratton NHI 1,"Callender St, Boston, MA 02124, USA"
Callender|Floyd|Stratton NHI 2,
Callender|Floyd|Stratton NHI 3,"Callender St, Boston, MA 02124, USA"
Callender|Floyd|Stratton NHI 4,
Callender|Floyd|Stratton NHI 5,"Callender St, Boston, MA 02124, USA"
Callender|Floyd|Stratton NHI 6,"Callender St, Boston, MA 02124, USA"
Callender|Floyd|Stratton NHI 7,"Callender St, Boston, MA 02124, USA"
Callender|Floyd|Stratton NHI 8,"Callender St, Boston, MA 02124, USA"
Callender|Floyd|Stratton NHI 9,"Callender St, Boston, MA 02124, USA"
Callender|Tucker NHI 1,"Callender St, Boston, MA 02124, USA"
Callender|Tucker NHI 2,
Callender|Tucker NHI 3,"Callender St, Boston, MA 02124, USA"
Callender|Tucker NHI 4,
Camden Street (200-2),"200 Camden St, Boston, MA 02118, USA"
Camfield Gardens,"The Paulette K Ford Community Center 85 Lenox Street Paulette, Ford Way, Boston, MA 02118, United States"
Capen Green,"Capen St, Boston, MA 02124, USA"
Cardella (VUP),
Cardinal Medeiros Manor,"11 Woodcliff St, Boston, MA 02125, United States"
Caritas Centre St,"289 Centre St, Dorchester, MA 02122, United States"
Caritas Centre St. II,"289 Centre St, Dorchester, MA 02122, United States"
Caritas SRO Refinance,"28 Mt Pleasant Ave, Boston, MA 02119, United States"
Carlton House AKA: Forward Inc. rental,"2055 Columbus Ave, Roxbury, MA 02119, United States"
Carlton Wharf,"99-111 Summer St, Boston, MA 02128, United States"
Carol Ave. Limited Coop,"Carol Ave, Boston, MA 02135, USA"
Carroll (VUP),"88 E Concord St 5th floor, Boston, MA 02118, United States"
Carvalho (VUP),"543 Southern Artery, Quincy, MA 02169, United States"
Cary Cottage,"34 Parker St, Chelsea, MA 02150, United States"
Casa Familias Unidas,"302 Eustis St, Boston, MA 02119, United States"
Casa Maria,"130 Endicott St, Boston, MA 02113, United States"
Casa Nueva Vida,"53 Glen Rd, Boston, MA 02130, United States"
Casas Borinquen,"405 Shawmut Ave, Boston, MA 02118, United States"
Cass House,
Castle Square,"484 Tremont St, Boston, MA 02116, United States"
Cathedral (2-6),"1400 Washington St, Boston, MA 02118, United States"
CATHERINE H GALLAGHER COOPERATIVE HOUSING,"209 Heath St, Jamaica Plain, MA 02130, United States"
Ceinture (20 W Fifth),
Central Boston Elder Services,"2315 Washington St, Boston, MA 02119, United States"
Centre/Lamartine,"Centre St & Lamartine St, Boston, MA 02130, USA"
Ceylon Field Apts (orig p/o Parkchester 98u),"288 Columbia Rd, Boston, MA 02121, United States"
Chaisson (VUP),"7 Sachem St, Boston, MA 02120, United States"
Channel View Condominiums,"35 Channel Center St, Boston, MA 02210, United States"
Channel Wharf,"1 Black Falcon Ave, Boston, MA 02210, United States"
Chapman House,"61 Eutaw St, Boston, MA 02118, United States"
Charlame Park Homes 2A&B,"28 N Charlame Ct, Roxbury, MA 02119, United States"
Charlame Park Homes I,"28 N Charlame Ct, Roxbury, MA 02119, United States"
Charles Newtowne Cooperative,
Charles Street Gardens,"Charles St, Boston, MA 02129, USA"
Charlesbank Cooperative Corporation,"650 Huntington Ave, Boston, MA 02115, United States"
Charlestown (2-1),"2 US-1, Revere, MA 02151, USA"
Charlestown Elderly,"100 Ferrin St, Charlestown, MA 02129, United States"
Charlestown Navy Yard Row Houses,"1st Ave &, 3rd St, Boston, MA 02129, United States"
Charlesview Apartments,"Litchfield St, Boston, MA 02134, United States"
Chauncy House,"115 Chauncy St #1740, Boston, MA 02111, United States"
Cheriton Grove,"20 Cheriton Rd, West Roxbury, MA 02132, United States"
Chestnut Avenue (p/o Self Help Apts),"Chestnut Ave, Boston, MA 02130, USA"
Chestnut Hill Gardens,"Chestnut Hill Ave, Boston, MA 02135, USA"
Chestnut Hill Park,"Chestnut Hill Ave, Massachusetts, USA"
Chestnut Hill Waterworks,"2450 Beacon St, Chestnut Hill, MA 02467, United States"
Cheverus School Apts,"10 Moore St, Boston, MA 02128, United States"
Chinagate Apartments,"660 Washington St, Boston, MA 02111, United States"
Church St SRO,"Church St, Boston, MA 02122, USA"
City Square Elderly Housing,"42 Park St, Charlestown, MA 02129, United States"
Clarendon Square,"Clarendon St, Boston, MA 02116, USA"
Clarendon-Warren Condominium,"400 Stuart St, Boston, MA 02116, United States"
Cleaves Court Apts,"232 Seaver St, Boston, MA 02121, United States"
Cliffmont Condominium,"1 Cliffmont St, Boston, MA 02131, United States"
CNY - Harborview Point (Parcel 4),
Codman Commons,"Codman Commons, 360 Talbot Ave, Boston, MA 02124, USA"
Codman Square Apts (2-51),"587 Washington St, Boston, MA 02124, United States"
Collins (Margaret) Apts (2-26),
Columbia Road/Lighthouse,"735 Columbia Rd, Boston, MA 02125, United States"
Columbia West,"392 Columbia Rd #10, Dorchester, MA 02125, United States"
Columbia-Wood Apartments,"392 Columbia Rd #10, Dorchester, MA 02125, United States"
Comaven Apartments,"1144-1160 Commonwealth Ave, Boston, MA 02134, United States"
Commerce Apartments,"376 Warren St, Boston, MA 02119, United States"
"Commonwealth (2-82,-95,-96,-97)",
Commonwealth Housing,"1144-1160 Commonwealth Ave, Boston, MA 02134, United States"
Concord Houses,"725 Tremont St, Boston, MA 02118, United States"
Concord St. Elder Housing,"725 Tremont St, Boston, MA 02118, United States"
Condor-Havre Garden Apartments,"54 Orleans St # 1, East Boston, MA 02128, United States"
Continuum (Barry's Corner),"219 Western Ave, Allston, MA 02134, United States"
Conway Court,"1 Conway St, Roslindale, MA 02131, United States"
Coppersmith Village Ownership,"99 Border St, Boston, MA 02128, United States"
Coppersmith Village Rental,"99 Border St, Boston, MA 02128, United States"
Cortes Street SRO,"Cortes St, Boston, MA 02116, USA"
Costello Homes,"519 Tremont St, Boston, MA 02116, United States"
Cote Village Townhomes,"820 Cummins Hwy, Mattapan, MA 02126, United States"
Cottage Brook Apartments,"622 Dudley St, Boston, MA 02125, United States"
Council of Elders,"2055 Columbus Ave, Boston, MA 02119, United States"
Court St SRO,"Court St, Boston, MA 02108, USA"
Courtyard at Cedar Grove,"Fellsway St &, Milton St, Dorchester, MA 02124, United States"
Covenant House 202,"30 Washington St, Boston, MA 02135, United States"
Cox Building,"Bartlett St &, Dudley St, Boston, MA 02119, United States"
Crawford House Apts,"86 Crawford St, Dorchester, MA 02121, United States"
Creighton Commons Condominiums,"241 Perkins St, Boston, MA 02130, United States"
Crittenton Hastings House,"504 Dudley St, Roxbury, MA 02119, United States"
Cummins Towers,"855 American Legion Hwy, Roslindale, MA 02131, United States"
D4 Police Station,"650 Harrison Ave, Boston, MA 02118, United States"
Dacia Residence at Beauford Green,
Danube Apartments,"Boston, MA 02124, United States"
DaRosa (VUP),
Dartmouth Hotel,"39 Zeigler St, Boston, MA 02119, United States"
DARTMOUTH TCB,"185 Dartmouth St 9th floor, Boston, MA 02116, United States"
Davenport Commons,"Davenport Commons A, 700 Columbus Ave, Boston, MA 02120, USA"
Davis (VUP),
Davison (2-34),
DeMarco (VUP),
Derne Street Lodging Home,"Derne St, Boston, MA 02114, USA"
Dexter Building,"453 Washington St, Boston, MA 02111, United States"
DiGirolamo (VUP),
Dillon (VUP),"955 Boylston St, Boston, MA 02115, United States"
Dimock-Bragdon Apartments,"27 Dimock St, Boston, MA 02119, United States"
Dirigo Spice Building,
Disilvio (VUP),
Distillery Project Phase I,"383 Dorchester Ave, Boston, MA 02127, United States"
Ditson St Senior Housing,"25 Ditson St, Dorchester, MA 02122, United States"
DNA Lofts,"944 Dorchester Ave, Boston, MA 02125, United States"
Domicilia I & II,
Domicilia III,
Dorchester House,"1353 Dorchester Ave, Dorchester, MA 02122, United States"
Douglas Park,"Douglass Park, Boston, MA 02118, USA"
Dover Lofts,"135 E Berkeley St, Boston, MA 02118, United States"
Drayton Homes,"Drayton Ave, Boston, MA 02125, USA"
Dudley Greenville,"225 Dudley St, Roxbury, MA 02119, United States"
Dudley Street Apts,"225 Dudley St, Roxbury, MA 02119, United States"
Dudley Terrace,"Dudley Terrace, Boston, MA 02125, USA"
Dudley Village Phase I (North),
Dudley Village Phase II (South),
Dumas|Mascot Neighborhood Homes,
Dunmore Place,"Dunmore St, Boston, MA 02119, USA"
Dwight St Apts,"55 Traveler St, Boston, MA 02118, United States"
Eagle Hill Rehab,"52 White St, Boston, MA 02128, United States"
East Berkeley Street,"E Berkeley St, Boston, MA 02118, USA"
East Canton St Apts,"109 E Canton St, Boston, MA 02118, United States"
East Springfield/Northampton Streets,"35 Northampton St, Boston, MA 02118, United States"
Ebenezer Homes,"The Courtyard By Marriot, 63R Boston St, Boston, MA 02125, United States"
"Echelon (Seaport Square Block M) Towers 1, 2, and 3","133, 135 Seaport Blvd, Boston, MA 02210, United States"
Edison Green,"Edison Green, Boston, MA 02125, USA"
Edson|Peacevale NHI,"Edson St, Boston, MA 02124, USA"
Edson|Peacevale NHI (30 Milton),
Edward Everett Square,"256 Boston St, Dorchester, MA 02125, United States"
Egleston Crossing,"2010 Columbus Ave, Roxbury, MA 02119, United States"
Eleven West (Lechmore Point),
Elizabeth Stone House - Washington Westminster,"3012 Washington St, Roxbury, MA 02119, United States"
Elm Hill/Seaver St Conversion,"Boston, MA 02121, United States"
Elven Road,"Elven Rd, Boston, MA 02131, USA"
Emerson Place - Charles River Park,"1 Emerson Pl Apt 8N, Boston, MA 02114, United States"
Epps (VUP),
Erie-Ellington Homes,"31 Erie St, Boston, MA 02121, United States"
Esperanza Walnut,"80-84 Walnut Ave, Boston, MA 02119, United States"
ETC Associates,"630 Tremont St, Boston, MA 02118, United States"
Eutaw/Meridian,"Eutaw St & Meridian St, Boston, MA 02128, USA"
Eva White (2-41),
Factory 63,"63 Melcher St, Boston, MA 02210, United States"
Fairfield Properties,"219 Newbury St, Boston, MA 02116, United States"
Fairmount/Garfield (200-5),
Fan Pier Parcel C,"Fan Pier Boulevard, Boston, MA 02110, USA"
Fan Pier Parcel D,"10 Fan Pier Boulevard Mailbox #26, Boston, MA 02210, United States"
Faneuil/ N. Beacon (200-4),"200 N Beacon St, Boston, MA 02135, USA"
Farnsworth House,"90 South St, Jamaica Plain, MA 02130, United States"
Father Walter J Martin Cooperative Homes,
FDIC Scattered Site Condo Project,
Fensgate Coop,
Fenway Center Phase 1/Buildings 1 & 2,"Fenway Center, 77 St Stephen St, Boston, MA 02115, USA"
Fenway Condominiums,"41-43 Westland Ave, Boston, MA 02115, United States"
Fenway Condos,"108 Peterborough St, Boston, MA 02215, United States"
Fenwick Gardens - Home Again,
Fernald State School (689-?),
Fieldstone Apartments,"907 Blue Hill Avenue # 13, Dorchester Center, MA 02124, United States"
First & First (Phase I & II),"E 1st St, Boston, MA 02127, United States"
Florence Apartments,"132 Fawndale Rd, Roslindale, MA 02131, United States"
Foley (William J) Apts (2-30),
Forbes Building,"545 Centre St, Jamaica Plain, MA 02130, United States"
Forbes Street Residences,"545 Centre St, Jamaica Plain, MA 02130, United States"
Ford (VUP),"26 Seyon St, Waltham, MA 02453, United States"
Forecaster Building,"121 Portland St, Boston, MA 02114, United States"
Forest Glenn Coop,"106 Forest Hills St, Jamaica Plain, MA 02130, United States"
Forest Hills Apts,"199 Forest Hills St, Boston, MA 02130, United States"
Forest Hills Cooperative,"199 Forest Hills St, Boston, MA 02130, United States"
Forest|Vine NHI 1,
Forest|Vine NHI 2,
Fort Hill Gardens,"Fort Ave, Boston, MA 02119, USA"
Fort Point Place,"Fort Point, Boston, MA, USA"
Foster (VUP),"150 S Huntington Ave Suite 3c 11, Jamaica Plain, MA 02130, United States"
Fountain Hill,"Fountain St, Boston, MA 02119, USA"
Four Corners/Washington,"345 Washington St # 1, Dorchester, MA 02121, United States"
Fox Hall,"100 Pawtucket St, Lowell, MA 01854, United States"
"Franklin Field Family (2-89A,90-93)",
Franklin Field South/Highland Pk Estates,"Franklin Field South, Boston, MA, USA"
Franklin Fld South II - HOME AGAIN,
Franklin Hill (2-9),"1 Shandon Rd, Dorchester Center, MA 02124, United States"
Franklin Park Apts,"132 Seaver St #1527, Boston, MA 02121, United States"
Franklin Park I,"1 Franklin Park Rd, Boston, MA 02121, United States"
Franklin Park II,"1 Franklin Park Rd, Boston, MA 02121, United States"
Franklin Square House,"1575 Tremont St, Boston, MA 02120, United States"
Frederick Douglass (2-44A),"755 Tremont St, Boston, MA 02118, United States"
Friend's House,"12 Wise St, Boston, MA 02130, United States"
Fulton Court Condominium,"100 Fulton St #1m, Boston, MA 02109, United States"
Gallivan Boulevard (200-10),"200 Gallivan Blvd, Boston, MA 02124, USA"
Gardner Crawford Thane,
Gardner Flats Condominium,"9 Gardner St, Allston, MA 02134, United States"
"GARDNER, CRAWFORD, THANE",
Garrison Trotter Phase I - HOME AGAIN,
Gatehouse 75,"75 W School St, Charlestown, MA 02129, United States"
Gatehouse Units,"75 W School St, Charlestown, MA 02129, United States"
Gateway Terrace - Dover Residences,"40 Fay St H-601, Boston, MA 02118, United States"
General Heath Square,"61 Heath St, Jamaica Plain, MA 02130, United States"
General Warren Apts (2-47),"47 N Washington St #26, Charlestown, MA 02129, United States"
Geneva Apartments,"231 Geneva Ave, Boston, MA 02121, United States"
Geneva Ave 202 - Pine Street,"22 Beechwood St, Dorchester, MA 02121, United States"
Geneva Avenue Elderly Housing,"22 Beechwood St, Dorchester, MA 02121, United States"
Georgetowne Housing I,"400 Georgetowne Dr, Hyde Park, MA 02136, United States"
Georgetowne Housing II,"400 Georgetowne Dr, Hyde Park, MA 02136, United States"
Gleason Street MIHI Package 2,"489 Blue Hill Avenue, Dorchester, MA 02121, United States"
Glenville Apartments,"1285 Commonwealth Ave, Allston, MA 02134, United States"
Glenway|Roxton NHI,
Goddard House,"165 Chestnut St, Brookline, MA 02445, United States"
Gomes (VUP),"321 Centre St, Boston, MA 02122, United States"
Goodale Rd. - HOME AGAIN,"Goodale Rd, Boston, MA 02126, USA"
Gordon's Wood,
Governor Apartments,"209 Kelton St, Allston, MA 02134, United States"
Grand families,
Granite 1B:VBC Apts.-Blue Hill,"754 Blue Hill Avenue, Dorchester, MA 02121, United States"
Granite 3-Blue Hill,"754 Blue Hill Avenue, Dorchester, MA 02121, United States"
Granite 4B,"754 Blue Hill Avenue, Dorchester, MA 02121, United States"
Granite-Dorchester Bay,"5 Allstate Rd, Boston, MA 02125, United States"
Granite-Fields Corner,"754 Blue Hill Avenue, Dorchester, MA 02121, United States"
Granite-La Concha/Nuestra,
Granite-Lena Park,"754 Blue Hill Avenue, Dorchester, MA 02121, United States"
Granite-Quincy-Geneva,"320 Blue Hill Avenue # B, Boston, MA 02121, United States"
Granite-Walnut Washington,"3230 Washington St, Boston, MA 02130, United States"
Granite-Washington Columbia I,"173 Columbia Rd #173, Dorchester, MA 02121, United States"
Grant Manor Apartments,"1810 Washington St, Boston, MA 02118, United States"
Green (VUP),"20 Newton St, Brookline, MA 02445, United States"
Green (VUP) CDFI,
Greenway Apartments,"172 Maverick St, Boston, MA 02128, United States"
Grove Hall Apts,"12 Castlegate Rd # 9, Dorchester, MA 02121, United States"
Grubow (VUP),
Guaetta (VUP),
Habitat Arrowhead Site (REMS Land),"205 E Dewey Ave, Sapulpa, OK 74066, United States"
Habitat Balina Pl,"434 Massachusetts Ave Suite 201, Boston, MA 02118, United States"
Habitat Bradeen St,"1580 VFW Pkwy, West Roxbury, MA 02132, United States"
Habitat Fairland St,"434 Massachusetts Ave Suite 201, Boston, MA 02118, United States"
Habitat Regent Street,"1580 VFW Pkwy, West Roxbury, MA 02132, United States"
Habitat Woodbine St,"434 Massachusetts Ave Suite 201, Boston, MA 02118, United States"
Habitat-Woodville Street,"434 Massachusetts Ave Suite 201, Boston, MA 02118, United States"
Hale House,"273 Clarendon St, Boston, MA 02116, United States"
Haley House,"23 Dartmouth St, Boston, MA 02116, United States"
Hamilton St Studios/Pine Street,"444 Harrison Ave, Boston, MA 02118, United States"
Hammond Street,"Hammond St, Boston, MA 02120, USA"
Hampton House (2-44B),"155 Northampton St, Boston, MA 02118, United States"
Hano Homes II,"60 Hano St, Boston, MA 02134, United States"
Haraska (VUP),
Harbor Point,"Harbor Point Blvd, Boston, MA 02125, USA"
Harborview Condominiums,"10 Orleans St, East Boston, MA 02128, United States"
Hargrove (VUP),
Harrison Commons,"Harrison Ave, Boston, MA 02118, USA"
Harrison-Albany Block Building A,"300 Harrison Ave, Boston, MA 02118, United States"
Hartford Manor,
Hartwell Terrace,"Hartwell St, Boston, MA 02121, USA"
Harvard Commons Coop,"6 Snowden Way, Boston, MA 02124, United States"
Hassan Apts (2-62),"705 River St, Boston, MA 02136, United States"
Hazel Parks,"3 Hazel St, Waltham, MA 02451, United States"
Hearth at 4-Corners,"16 Ronald St, Boston, MA 02121, United States"
Hearth at Olmsted Green,"Hummingbird Ln, Boston, MA 02126, United States"
Hemenway Apartments,"768 Huntington Ave, Boston, MA 02115, United States"
Heritage Apts (2-52),"209 Sumner St, Boston, MA 02128, United States"
Heritage at Cleveland Circle,"Boston, MA 02135, United States"
Hiawatha|Mattapan Neighborhood Homes,"65 Morton Village Dr, Boston, MA 02126, United States"
Highland Homes at Fort Hill - Home Again,"58 Beech Glen St, Boston, MA 02119, United States"
Highland House,"125 Highland St, Boston, MA 02119, United States"
Highland Park (2-89B),
Highland Park Estates - Home Again,"58 Beech Glen St, Boston, MA 02119, United States"
Highland Park II (Affordable),"58 Beech Glen St, Boston, MA 02119, United States"
Hillside Homes at Franklin Park,"131 Morton St, Jamaica Plain, MA 02130, United States"
Historic South End Apartments,"792 Tremont St #1051, Boston, MA 02118, United States"
Hoffman (VUP) CDFI,"18 Tremont St Suite 500, Boston, MA 02108, United States"
Holgate Apartments (2-29),
Holmes (VUP),"40 School St, Boston, MA 02124, United States"
Home Again (Back of the Hill),
Home For Little Wanderers,"69 Alleghany St, Roxbury, MA 02120, United States"
Homes at Peter's Park,"230 Shawmut Ave, Boston, MA 02118, United States"
Homestead House,"1448 Dorchester Ave, Boston, MA 02122, United States"
Hope House (SPO) (Production),"8 Farnham St, Boston, MA 02119, United States"
Hope House II,"8 Farnham St, Boston, MA 02119, United States"
Hopkins-Capen-Mountain-Fuller,"45 Hull St, Boston, MA 02113, United States"
Horizons I,"1601 Blue Hill Avenue #205, Mattapan, MA 02126, United States"
Howard Dacia Homes,
Howard/Woodward/Dean,
Hub 25,"25 Morrissey Blvd, Boston, MA 02125, United States"
Humboldt Avenue Apts,"278 Humboldt Ave, Dorchester, MA 02121, United States"
Humphreys St Housing Homeownership,"160 Federal St # 2, Boston, MA 02110, United States"
Humphreys St Housing Rental,"15 Aberdeen St APT 2, Boston, MA 02215, United States"
Humphreys Street Homeowner,"11 Humphreys St # 1, Dorchester, MA 02125, United States"
Hunt (VUP),
Huntington House,"VA Medical Center, 150 S Huntington Ave, Boston, MA 02130, United States"
Hurley (VUP),"2500 Washington St, Roxbury, MA 02119, United States"
Hyde Square Commons,"390-401 Centre St, Jamaica Plain, MA 02130, United States"
Hyde Square Coop,"390-401 Centre St, Jamaica Plain, MA 02130, United States"
Hyde/Jackson Homes,
Hyde-Blakemore,"46-2 Blakemore St, Boston, MA 02131, United States"
IBA SRO Collaborative,
Independent Living Project,"1208B VFW Pkwy STE 301, Boston, MA 02132, United States"
Indigo Block (Rental),"67 E Cottage St, Boston, MA 02125, United States"
Infill Apartments,"17 Wensley St, Boston, MA 02120, United States"
Infill Colaborative,
Infill I,
Infill I (MHFA) ?,
Ingram (VUP),
Ink Block (Buildings 1-3),"300 Harrison Ave, Boston, MA 02118, United States"
Ink Block Sepia (Building 4),"300 Harrison Ave, Boston, MA 02118, United States"
Ink Block Siena (Building 5),"40 Traveler St, Boston, MA 02118, United States"
Interfaith Apartments,"282 Columbus Ave, Boston, MA 02116, United States"
Intervale St. HOME AGAIN,"Intervale St, Boston, MA 02121, USA"
Intervale-Fayston,"Intervale St, Boston, MA 02121, USA"
Intervale-Magnolia,"Intervale St & Magnolia St, Boston, MA 02121, USA"
J.J. Carroll Apts (2-37),
J.J. Meade (2-38),
Jackson (VUP),
Jackson Commons,"1542 Columbus Ave, Boston, MA 02119, United States"
Jacob's Place,"Jacob St, Boston, MA 02124, USA"
Jamaica Plain Apartments,"24 Lawn St B, Boston, MA 02130, United States"
Jamaica Plains Coop Serv,"131 Morton St, Jamaica Plain, MA 02130, United States"
Jewish Community Housing for the Elderly,"30 Wallingford Rd, Brighton, MA 02135, United States"
John Boyle O'Reilly School,"John Boyle O'Reilly School Management, 345 Dorchester St, South Boston, MA 02127, USA"
Johnson (VUP) CDFI,
JP Cohousing,
Julia Martin House,"90 Bickford St, Boston, MA 02130, United States"
Julian Phase I - HOME AGAIN,
KAFANM - Circle of Haitian Women (aka Women's Institute),"330 Fuller St, Dorchester Center, MA 02124, United States"
Kasanof Bakery (Rental & Ownership),
Keazer (VUP),
Kelley (VUP),"99 Chauncy St Suite 110, Boston, MA 02111, United States"
Kenmore Abbey,"490 Commonwealth Ave, Boston, MA 02215, United States"
Ketchen (VUP),"196 Quincy St, Boston, MA 02121, United States"
Keystone Apartments,"151 Hallet St, Boston, MA 02124, United States"
Kimbrough (VUP),"75 Francis St, Boston, MA 02115, United States"
Kittredge Square,"Alvah Kittredge Park, Boston, MA 02119, USA"
Laboure,"D St, Boston, MA 02127, United States"
Laconia Condominiums,"1200 Washington St, Boston, MA 02118, United States"
Lafayette Lofts,
Lamartine Homes - Home Again,"155 Lamartine St, Jamaica Plain, MA 02130, United States"
Lancaster House Condominium,"1501 Commonwealth Ave, Brighton, MA 02135, United States"
Landfall Apartments,"401 Border St, Boston, MA 02128, United States"
Landfall West Apts,"401 Border St, Boston, MA 02128, United States"
Langham Court,"26 Worcester St, Boston, MA 02118, United States"
Laramie (VUP),
Larchmont Residence,"193 Talbot Ave, Boston, MA 02124, United States"
Larkin (VUP),
Latin Academy Adaptive Re-use,"205 Townsend St, Boston, MA 02121, United States"
Lawrence (VUP),"77 Lawrence Ave, Dorchester, MA 02121, United States"
Lawrence Court,"Lawrence St, Boston, MA 02116, USA"
LBB Housing,"15 Bismarck St, Mattapan, MA 02126, United States"
Leila Doe House,
Lenox Street (2-4),"2 Lenox St, Boston, MA 02118, USA"
Levedo Building,
Leventhal House,"28 Wallingford Rd, Brighton, MA 02135, United States"
Lewis Mall,"5 Lewis Mall, Boston, MA 02128, USA"
Lithgow Apts,"380 Talbot Ave, Dorchester Center, MA 02124, United States"
Little Chestnut Street Condominium,"101 Chestnut St, Boston, MA 02108, United States"
Lofts at Westinghouse Plaza,"1 Westinghouse Plaza Building C, Hyde Park, MA 02136, United States"
LOGO Apts (73u),"75 St Alphonsus St, Boston, MA 02120, United States"
Long Glen Apartments,"1285 Commonwealth Ave, Allston, MA 02134, United States"
Long Glen Rental II (formerly homeownership),"1285 Commonwealth Ave, Allston, MA 02134, United States"
Longfellow School,"885 South St, Boston, MA 02131, United States"
Longwood Row,"1 Sewall St, Boston, MA 02120, United States"
Lorenzo Pitts Portfolio (JPNCD 2018),"270 Roxbury St, Roxbury, MA 02119, United States"
Lowell Square,"65 Martha Rd, Boston, MA 02114, United States"
Lower Mills (2-57),"2200 Dorchester Ave, Boston, MA 02124, United States"
Lower Roxbury Tenant Corp,"11 New Whitney St, Boston, MA 02115, United States"
Lucerne Gardens,"65 Winston Rd, Boston, MA 02124, United States"
Lucky Strike Residential Project,"145 Ipswich St, Boston, MA 02215, United States"
Luis (VUP),"100 Huntington Ave Level 1, Boston, MA 02116, United States"
Lumen,"30 Polk St, Boston, MA 02129, United States"
Lyman School Apts for the Elderly,"54 Orleans St # 1, East Boston, MA 02128, United States"
M Walsh (VUP),"840 Harrison Ave 1st Floor, Boston, MA 02118, United States"
M.E. McCormack (2-23),"7 Sterling Square, Boston, MA 02127, United States"
M.L. King Apartments (2-40),"158 Walnut Ave, Boston, MA 02119, United States"
M.R. Smith (VUP),
Madison Melnea Cass Apts,"600 Melnea Cass Blvd, Boston, MA 02119, United States"
Madison Parcel 10 Bldg C (Belvidere/Dalton East Offsite),
Madison Park III,"122 Dewitt Dr, Boston, MA 02120, United States"
Madison Park IV,"184 Dudley St #102, Boston, MA 02119, United States"
Main Street Townhouses,"1 Canal St, Boston, MA 02114, United States"
MainStay House,"29 Crafts St #260, Newton, MA 02458, United States"
Malone Apts (2-89C),
Mandela Homes,"1855 Washington St, Boston, MA 02118, United States"
Manganello (VUP),
Maple Commons,"15 Maple St, Boston, MA 02121, United States"
Marcus Garvey Gardens,"Managers Office, 44 John Eliot Sq, Boston, MA 02119, United States"
Marksdale Gardens I&II,"95 Humboldt Ave # A, Dorchester, MA 02121, United States"
Marriro (VUP) CDFI,
Martinex-Alamo (VUP),
Mary Colbert Apartments,"20 Devens St, Charlestown, MA 02129, United States"
Mason Place,"Mason St, Boston, MA 02111, United States"
Mass Pike Towers,"336B Tremont St, Boston, MA 02116, United States"
Mattapan Apartments,"725-735 Adams St, Boston, MA 02122, United States"
Mattapan Center for Life,"555 River St, Mattapan, MA 02126, United States"
Mattapan Heights I AKA: The Foley,"229A River St, Mattapan, MA 02126, United States"
Mattapan Heights II,"229A River St, Mattapan, MA 02126, United States"
Mattapan Heights III & IV,"229A River St, Mattapan, MA 02126, United States"
MAVERICK GARDENS I,"31 Liverpool St, East Boston, MA 02128, United States"
Maverick Landing (2-8),"31 Liverpool St, East Boston, MA 02128, United States"
McCrohon House - HEARTH (SPO),
Mei Wah Village,"10 Maple Pl, Boston, MA 02111, United States"
Mendes (VUP),
Meranda (VUP),
Mercantile Building,"111 Atlantic Ave, Boston, MA 02110, United States"
Meridian House,"408 Meridian St, East Boston, MA 02128, United States"
Meridian St,"Meridian St, Boston, MA 02128, USA"
Methunion Manor Coop,"405 Columbus Ave #101, Boston, MA 02116, United States"
Mezzo Design Lofts,"30 Caldwell St, Charlestown, MA 02129, United States"
MHPI Community Apartments,"43 Smith St, Boston, MA 02120, United States"
MHPI II,
MHPI III,
MHPI IV-A,
MHPI IV-B,
MHPI IV-C,
MHPI V,
MHPI VI,
Midway Phase I,"15 Channel Center St, Boston, MA 02210, United States"
Midway Studios,"15 Channel Center St, Boston, MA 02210, United States"
Miller (VUP),"850 Albany St, Roxbury, MA 02119, United States"
Ming's Restaurant,"1145 Washington St, Boston, MA 02118, United States"
Minot Hall Condominium,"15 Park Dr, Boston, MA 02215, United States"
Mishawum Assisted Living,"197 8th St #900, Charlestown, MA 02129, United States"
Mishawum Park,"338 Main St, Boston, MA 02129, United States"
Mission Hill Flats,"1457 Tremont St, Boston, MA 02120, United States"
Mission Hill Phase I - HOME AGAIN,"1620 Tremont St #2nd, Boston, MA 02120, United States"
Mission Hill Phase II,"1620 Tremont St #2nd, Boston, MA 02120, United States"
Mission Hill Scattered Sites,"1620 Tremont St #2nd, Boston, MA 02120, United States"
Mission Hill-Phase III - Home Again,"1620 Tremont St #2nd, Boston, MA 02120, United States"
Mission Main Phase I,"43 Smith St, Boston, MA 02120, United States"
Mission Main Phase II,"43 Smith St, Boston, MA 02120, United States"
Mission Main Phase III,"43 Smith St, Boston, MA 02120, United States"
Mission Park,"Mission Park Dr, Boston, MA 02115, USA"
MLK/Washington Commons,
Monsignor Lyons Condo II,
Monsignor Lyons II- HOME AGAIN,
Monsignor Lyons Townhouses,
Montebello Rd Coop,"111 Perkins St, Boston, MA 02130, United States"
Moore (VUP),"272 Itasca St, Boston, MA 02126, United States"
Moreland St Apts,"13 Shetland St, Boston, MA 02119, United States"
Morton Apts,"65 Morton Village Dr, Boston, MA 02126, United States"
Morton Village Apts (AOP),"65 Morton Village Dr, Boston, MA 02126, United States"
Morville House,"100 Norway St, Boston, MA 02115, United States"
Mount Vernon St Housing Project (Phase 1),"6 Joy St, Boston, MA 02108, United States"
Mr. Lee's Lodge,"230 Lee Burbank Hwy, Revere, MA 02151, United States"
Msgr. Powers/L St. (667-3),
Mt Pleasant Apts,"70 Perkins St, Somerville, MA 02145, United States"
Mt Pleasant Home Inc.,"301 S Huntington Ave, Jamaica Plain, MA 02130, United States"
Mt. Bowdoin/Erie Ellington - HOME AGAIN,"31 Erie St, Boston, MA 02121, United States"
Munevar (VUP),
Mystic Studios,"36 Traveler St Unit 1, Boston, MA 02118, United States"
Nashua St Residences at the Fleet Center,"1 Nashua St, Boston, MA 02114, United States"
Nate Smith House,"155 Lamartine St, Jamaica Plain, MA 02130, United States"
Nazing Court,"232 Seaver St, Boston, MA 02121, United States"
NEBH Redevelopment,"125 Parker Hill Ave, Boston, MA 02120, United States"
NEMA Boston,"399 Congress St, Boston, MA 02210, United States"
Neponset Fields - Elderly Housing (202),"29 Neponset Field Ln, Hyde Park, MA 02136, United States"
New England Heritage Homes 1,"24 Oakton Ave, Dorchester, MA 02122, United States"
New England Heritage Homes 2,"24 Oakton Ave, Dorchester, MA 02122, United States"
New England Heritage Homes 3,"24 Oakton Ave, Dorchester, MA 02122, United States"
New England Heritage Homes 4,"24 Oakton Ave, Dorchester, MA 02122, United States"
New England Heritage Homes 5,"24 Oakton Ave, Dorchester, MA 02122, United States"
New England Heritage Homes 6,"24 Oakton Ave, Dorchester, MA 02122, United States"
New England Heritage Homes 7,"24 Oakton Ave, Dorchester, MA 02122, United States"
New Port Antonio Apts,"530 Warren St, Boston, MA 02121, United States"
Newcastle/Saranac,"Newcastle Ct, Boston, MA 02118, USA"
Nor-al,"339 Talbot Ave, Boston, MA 02124, United States"
Norfield,"Northfield Ave, Quincy, MA 02169, USA"
Norflett (VUP),
Norfolk Street Transitional,"Boston, MA 02124, United States"
North Suffolk Group Home,"14 Porter St, East Boston, MA 02128, United States"
North Suffolk Group Home 2,"588 Beech St, Boston, MA 02131, United States"
Northampton Street,"Northampton St, Boston, MA 02118, USA"
Northampton Tower,"35 Northampton St, Boston, MA 02118, United States"
Northampton/Mass. Ave,"35 Northampton St, Boston, MA 02118, United States"
Norway Housing,"30 Hemenway St, Boston, MA 02115, United States"
Norwell Whitfield (HOME AGAIN),"Norwell St, DORCHESTR CTR, MA 02124, USA"
Nu Life Development,
OAK ROW,"1235 VFW Pkwy, West Roxbury, MA 02132, United States"
Oak Terrace,"888 Washington St, Boston, MA 02111, United States"
O'Connor Way [Pier 4/Phase III Offsite Affordables],"O'Connor Way, Boston, MA 02127, USA"
Off Centre Lofts,"251 Heath St, Jamaica Plain, MA 02130, United States"
Old Colony (2-24),"224 Old Colony Ave, Boston, MA 02127, USA"
Old Colony Square,"Old Colony Ave, Boston, MA, USA"
Oliveira (VUP),"55 Fruit St # 410, Boston, MA 02114, United States"
Olmstead Green Phase 2,"Hummingbird Ln, Boston, MA 02126, United States"
Olmstead Green Phase I Rental,"Hummingbird Ln, Boston, MA 02126, United States"
Olmsted Green - Mixed Income Rental,"Hummingbird Ln, Boston, MA 02126, United States"
Olmsted Green Phase 4,"Hummingbird Ln, Boston, MA 02126, United States"
Olmsted Green Rental Housing Phase 3,"Hummingbird Ln, Boston, MA 02126, United States"
Olmsted Place,"Olmsted Rd, Brookline, MA 02445, USA"
On Luck Housing,"15 Essex St, Boston, MA 02111, United States"
One Canal,"1 Canal St, Boston, MA 02114, United States"
One Garden Condominium,"1 Charles St S, Boston, MA 02116, United States"
One Greenway (Parcel 24 North/Affordable),"99 Kneeland St, Boston, MA 02111, United States"
One Lenox (SPO),
One Lincoln Plaza,"10 Lincoln St, Boston, MA 02111, United States"
One Newcomb Place,"1 Newcomb St, Boston, MA 02118, United States"
Orchard Gardens,"906 Albany St, Boston, MA 02119, United States"
Orchard Park (Off-Site Phase I),"906 Albany St, Boston, MA 02119, United States"
Orient Heights (200-8),"District of Freedom#8573311~!#, Boston, MA 02128, United States"
Otis Field Estates,"17 Main St, Watertown, MA 02472, United States"
Owens (VUP),
Oxford Ping On,"14-14A Oxford St, Boston, MA 02111, United States"
Oxford Place,"Oxford Pl, Boston, MA 02111, USA"
Packard Crossing Phase I,"79-83 Gardner St, Boston, MA 02134, United States"
Parcel 24/South Homeownership,
Parcel 25 (Phase 1A),"Boston, MA 02120, United States"
Parcel 39A,
Parcel P-2,
Parcel R-8,
Parcel U (Phase A & C),
Parcel U (Phase B),
Paris Village,"Paris St, Boston, MA 02128, USA"
Park Cinema,"25 District Ave, Dorchester, MA 02125, United States"
Park Congregate,
Park Gardens,"Leslie Park, Boston, MA 02119, USA"
Park Lane Seaport Apartments (Massport Parcels G & J),"One Park Ln, Boston, MA 02210, United States"
Parker Hill Apts,"170 Parker Hill Ave, Boston, MA 02120, United States"
Parkside on Adams,"4236 Washington St, Boston, MA 02131, United States"
Parkview SRO,
Parmelee Court,"1782 Washington St, Boston, MA 02118, United States"
Parry (VUP),
Pasciucco Apts (2-54),"330 Bowdoin St, Boston, MA 02122, United States"
Pass (VUP),
Patricia White (2-71),
Patrick (VUP),
PBX Residences,
Peabody Building,"195-197 Ashmont St, Boston, MA 02124, United States"
Peabody Square/Englewood (2-83),
Penniman on the Park,"25 Penniman Rd, Boston, MA 02134, United States"
Penny Savings,"30 Un Pk St, Boston, MA 02118, United States"
Pereira (VUP),
Perkins (VUP),"1284 Blue Hill Avenue, Mattapan, MA 02126, United States"
Peterborough Housing,"78 Peterborough St # 11, Boston, MA 02215, United States"
Peters (VUP),"311 Bowdoin St, Boston, MA 02122, United States"
Phillips Brooks School,"1 Harvard Yard, Cambridge, MA 02138, United States"
Pickle Factory (Oliver Lofts),"Roxbury Crossing,, 166 Terrace St, Roxbury Crossing, MA 02120, United States"
Pine Street Harrison (SPO),"444 Harrison Ave, Boston, MA 02118, United States"
Pine Street Inn (689-1),"444 Harrison Ave, Boston, MA 02118, United States"
Pine Street Park Dr (SPO),"Pine St, Dedham, MA 02026, USA"
Pinnock (VUP),
Pond View Apartments,"685 Centre St # 207, Jamaica Plain, MA 02130, United States"
Port 45,"45 W 3rd St, Boston, MA 02127, United States"
Portis Family House,"226 S Huntington Ave, Jamaica Plain, MA 02130, United States"
Powell (VUP),
Prang Estates,"Louis Prang St, Boston, MA 02115, United States"
Project Family Independence,"11 Mt Pleasant Ave # 103, Roxbury, MA 02119, United States"
Putnam Place,"Putnam Pl, Boston, MA 02119, USA"
Quincy Commons,"1 Canton Rd #15, Quincy, MA 02171, United States"
Quincy Heights,"86 Crawford St, Dorchester, MA 02121, United States"
Quincy Tower,"5 Oak St W, Boston, MA 02116, United States"
RAP-UP I,"31 Marcella St, Boston, MA 02119, United States"
RAP-UP II B,
Raven-Ramsey-Folsom,"Folsom St, Boston, MA 02125, USA"
Reddick (VUP),"1950 Massachusetts Ave, Cambridge, MA 02140, United States"
Renwood-Cunard,
Reservoir Towers,"1925 Commonwealth Ave, Boston, MA 02135, United States"
Residences At Bigelow Court,"111 Tremont St #109, Brighton, MA 02135, United States"
Residences at Brighton Marine,"77 Warren St, Brighton, MA 02135, United States"
Residences at Dahlgren Hall,
Residences at Fairmount Station,"11 2nd New Way, Hyde Park, MA 02136, United States"
Riley House - 202,"39 Maple St, Hyde Park, MA 02136, United States"
Rivers Edge Condominiums,"111 Pleasant St, Watertown, MA 02472, United States"
RMSC Family House Shelter Conversion,"321 Blue Hill Avenue, Boston, MA 02121, United States"
Robert L. Fortes House,"541 Shawmut Ave, Boston, MA 02118, United States"
Robinson (VUP),"193 Maplewood St, Malden, MA 02148, United States"
Rockingham Glen,"30 Rockingham Ave, West Roxbury, MA 02132, United States"
Rockland 202: Warren Gardens,"45 Walnut Ave, Roxbury, MA 02119, United States"
Rockland Towers (2-50),"5300 Washington St, West Roxbury, MA 02132, United States"
Rockvale Circle,"Rockvale Cir, Boston, MA 02130, USA"
Rodrigues (VUP),"673 Centre St, Boston, MA 02130, United States"
Rollins Square - Parcel 32C,"2 Rollins St, Boston, MA 02118, United States"
Rope Walk Complex,"58 13th St, Boston, MA 02129, United States"
Roslindale Commons Condominiums,"13 Marion St, Roslindale, MA 02131, United States"
Roslindale School,"515 Hyde Park Ave, Boston, MA 02131, United States"
Roslindale Senior NP Hsg,
Roslyn/Cliffmont,"1 Cliffmont St, Boston, MA 02131, United States"
Roxbury Corners Coop,"134 Northampton St, Roxbury, MA 02118, United States"
Roxbury Crossing Senior Building,"30 Gurney St, Boston, MA 02120, United States"
Roxbury Tenants of Harvard,"11 New Whitney St, Boston, MA 02115, United States"
Roxse Homes,"1050 Tremont St, Boston, MA 02120, United States"
R-Prospect St,"Prospect St, Boston, MA 02129, USA"
RTH Restoration Housing,"1 Fenwood Rd, Boston, MA 02115, United States"
Ruggles Shawmut Housing,"41 Ruggles St, Roxbury, MA 02119, United States"
Rutherford Landing,"463 Rutherford Ave, Boston, MA 02129, United States"
Rutland Square,"Rutland Square, Boston, MA 02118, USA"
Rutland/East Springfield St (2-74),"2 E Springfield St, Boston, MA 02118, USA"
S Boston Hsg Initiative- Habitat,"273 D St, Boston, MA 02127, United States"
Safe Haven,"15 Newbury St, Boston, MA 02116, United States"
Sarah Baker Manor,"33 Perrin St, Boston, MA 02119, United States"
Saratoga Heights,"Saratoga St, Massachusetts, USA"
Sargent Prince SRO,
Sargent Street Homes - Home Again,"127 Pleasant St, Dorchester, MA 02125, United States"
Savin Hill Apartments,"130 Auckland St, Boston, MA 02125, United States"
Savin Maywood Init. (Phase II),
Savin/Creston Project,"Savin St, Boston, MA 02119, USA"
Savin/Maywood (Phase III) - Home Again,
Scattered Site Coop,"111 Perkins St, Boston, MA 02130, United States"
School House 77,"610 Cummins Hwy, Mattapan, MA 02126, United States"
Schoolhouse Brookledge,"610 Cummins Hwy, Mattapan, MA 02126, United States"
Seaport Square Parcels B & C,
SECD Housing,"345 Harrison Ave, Boston, MA 02118, United States"
SECHC Cumston St,"1601 Washington St, Boston, MA 02118, United States"
SETH APARTMENTS I,"792 Tremont St #1051, Boston, MA 02118, United States"
Seton Manor,"1000 Seton Dr, Orwigsburg, PA 17961, United States"
Shalom Properties,"78 Bennington St, Boston, MA 02128, United States"
Shawmut Ave Lodging House,"298 Shawmut Ave, Boston, MA 02118, United States"
Shawmut Estates (p/o Orchard Park offsite Phase 3 HO),
Shore Plaza East,"600 Border St, East Boston, MA 02128, United States"
Signal Building,"154 W 2nd St, Boston, MA 02127, United States"
Singleton (VUP),"Copley Square, Boston, MA 02116, United States"
Siochain II,
Siochain Rental Rehab Project I,
Sister Clara Co-op,"150 Magnolia St # A, Dorchester, MA 02125, United States"
Six55 Condominium,
Smith House,"757 Shawmut Ave, Roxbury, MA 02119, United States"
"Smith, Steven (VUP)","1100 Washington St Ste: 200-201, Dorchester Center, MA 02124, United States"
Soares (VUP),
"Sonoma, Maple, Schuyler","1 Maple Ct B, Boston, MA 02121, United States"
Sophia Snow House,"1205-1215 Centre St, West Roxbury, MA 02132, United States"
South Bay Mixed-Use Town Center (Building D),"8 Allstate Rd, Boston, MA 02118, United States"
South Boston Coop Svc Hsg,"225 W 2nd St, South Boston, MA 02127, United States"
South Boston Elderly Housing,"120 H St, Boston, MA 02127, United States"
South Boston Housing Initiative - Cityside,
South Boston Portfolio,"315 W Broadway, Boston, MA 02127, United States"
South Cove Apts,"285 Tremont St, Boston, MA 02116, United States"
South End Apartments,"781 Tremont St, Boston, MA 02118, United States"
SOUTH END APARTMENTS RENOVATION PROJECT,"781 Tremont St, Boston, MA 02118, United States"
South End CHC,"1601 Washington St, Boston, MA 02118, United States"
South End Coop. Housing,"163 W Springfield St # A, Boston, MA 02118, United States"
South End Tenants I,"23 Wellington St, Boston, MA 02118, United States"
South End Tenants II,"29 Rutland Square, Boston, MA 02118, United States"
South Street (200-12),"200 South St, Boston, MA 02130, USA"
Southwest Crossing Condominium,"100 Shawmut Ave, Boston, MA 02118, United States"
Spencer House,"Spencer House, Boston, MA 02119, USA"
Spring/Temple St (2-70),
St Botolph Apts (2-53),"81 St Botolph St, Boston, MA 02116, United States"
St Botolph St. Assisted Living Community,"352 Massachusetts Ave, Boston, MA 02115, United States"
St Botolph Street Apts,"81 St Botolph St, Boston, MA 02116, United States"
St Botolph Terrace,"353 Massachusetts Ave, Boston, MA 02115, United States"
St Cecilia's House,"108 Kilmarnock St, Boston, MA 02215, United States"
St Gabriel's,"159 Washington St #201, Boston, MA 02135, United States"
St Helena House,"89 Un Pk St, Boston, MA 02118, United States"
St James Estate Condominium,"1 St James Pl, Boston, MA 02119, United States"
St John of God - Market & Clergy,"38 Everett St, Woburn, MA 01801, United States"
St Josephs Housing,"86 Crispus Attucks Pl, Roxbury, MA 02119, United States"
St Kevin's,"516 Columbia Rd, Boston, MA 02125, United States"
St Peter and Paul Church and Rectory,"75 Flaherty Way, South Boston, MA 02127, United States"
Stadia 50,"50 Hichborn St, Boston, MA 02134, United States"
Stafford Heights/New Boston Coop,"13 Stafford St, Boston, MA 02119, United States"
Stanwood Homes - Home Again,"Stanwood St, Boston, MA 02121, USA"
Stille (VUP),
Stonewall at Audubon Circle Phase I,"Audubon Circle, Boston, MA 02215, United States"
Stony Brook Gardens/ Chestnut-Lamartine,"97 Lamartine St, Boston, MA 02130, United States"
Stony Brook Village (formerly Canterbury Hts),"150 Clare Ave # 6A, Hyde Park, MA 02136, United States"
Strada 234,"234 Causeway St, Boston, MA 02114, United States"
Strathcona Arms (p/o Ten Most Wanted),
Sullivan (VUP),"74 Lawley St #1, Dorchester, MA 02122, United States"
Sumner Court,"Sumner St, Boston, MA 02125, USA"
Sumner Hill House,"76 Elm St, Jamaica Plain, MA 02130, United States"
Suppressed1,
Suppressed10,
Suppressed11,
Suppressed12,
Suppressed13,
Suppressed14,
Suppressed15,
Suppressed16,
Suppressed17,
Suppressed18,
Suppressed19,
Suppressed2,
Suppressed20,
Suppressed21,
Suppressed22,
Suppressed23,
Suppressed24,
Suppressed25,
Suppressed26,
Suppressed27,
Suppressed28,
Suppressed29,
Suppressed3,
Suppressed30,
Suppressed31,
Suppressed32,
Suppressed33,
Suppressed34,
Suppressed35,
Suppressed36,
Suppressed4,
Suppressed5,
Suppressed6,
Suppressed7,
Suppressed8,
Suppressed9,
Symphony Court at Burbank Street,"41-43 Westland Ave, Boston, MA 02115, United States"
Symphony Plaza East,"334 Massachusetts Ave, Boston, MA 02115, United States"
Symphony Plaza West,"334 Massachusetts Ave, Boston, MA 02115, United States"
TAB I,"38 Newbury St UNIT 702, Boston, MA 02116, United States"
TAB II,
TAB II?,"65R Boston St Suite 100, Dorchester, MA 02125, United States"
Tai Tung Village,"230 Harrison Ave, Boston, MA 02111, United States"
Taino Tower,"640 Tremont St, Boston, MA 02118, United States"
Talbot Commons Phase 1,
Talbot/Bernard (Elderly) 202,"193 Talbot Ave, Boston, MA 02124, United States"
Talbot/Bernard (Rental),"193 Talbot Ave, Boston, MA 02124, United States"
Tate (VUP),"40 Warren St, Boston, MA 02129, United States"
Taurus Apts,"754 Blue Hill Avenue, Dorchester, MA 02121, United States"
Taurus at Fountain Hill,"143 Shirley St, Boston, MA 02119, United States"
TDC III,"434 Massachusetts Ave, Boston, MA 02118, United States"
Tebroc Levant (HOME AGAIN),
Telford 180 (Formerly Charlesview Telford),
Ten Most Wanted - 1,
Ten Most Wanted - 10,
Ten Most Wanted - 11,
Ten Most Wanted - 12,
Ten Most Wanted - 13,
Ten Most Wanted - 14,
Ten Most Wanted - 15,
Ten Most Wanted - 2,
Ten Most Wanted - 3,
Ten Most Wanted - 4,"315 Adams St, Dorchester, MA 02122, United States"
Ten Most Wanted - 5,
Ten Most Wanted - 6,
Ten Most Wanted - 7,
Ten Most Wanted - 8,
Ten Most Wanted - 9,
Tent City,"130 Dartmouth St, Boston, MA 02116, United States"
Thane St Apts,"587 Washington St, Boston, MA 02124, United States"
The 1850 Condominium,"90 Wareham St, Boston, MA 02118, United States"
The Aberdeen,"1650 Commonwealth Ave, Boston, MA 02135, United States"
The Anchorage,"103 9th St, Charlestown, MA 02129, United States"
The Andi (South Bay Town Center Building C),"4 Lucy St, Boston, MA 02125, United States"
The Beverly,"101 Beverly St, Boston, MA 02114, United States"
The Boulevard,"Atlantic Ave, Boston, MA 02110, United States"
The Brownstones,"111 Dartmouth St, Boston, MA 02116, United States"
The Bryant,"303 Columbus Ave, Boston, MA 02116, United States"
The Bulfinch,"116 Huntington Ave, Boston, MA 02116, United States"
The Carillon,"185 Massachusetts Ave, Boston, MA 02115, United States"
The Chester,"Chester Park, Boston, MA 02118, USA"
The Clarendon,"400 Stuart St, Boston, MA 02116, United States"
The Clarion,"311 Blue Hill Avenue, Boston, MA 02121, United States"
The Commons at Forest Hills,"199 Forest Hills St, Boston, MA 02130, United States"
The Dorchester,"Boston, MA 02126, USA"
The Edge,"219 Newbury St, Boston, MA 02116, United States"
The Graphic,"32 Cambridge St, Charlestown, MA 02129, United States"
The Harmon Apartments (Boston Home Group),"2045 Dorchester Ave, Boston, MA 02124, United States"
The Harvey,"50 Hood Park Dr, Boston, MA 02129, United States"
The Homes at Roxbury Crossing,"1050 Tremont St, Boston, MA 02120, United States"
The Lancaster,"1501 Commonwealth Ave, Brighton, MA 02135, United States"
The Macallen,"141 Dorchester Ave, Boston, MA 02127, United States"
The Mark at DeNormanie Wharf,"99 Sumner St, Boston, MA 02128, United States"
The Melnea (Parcel 9/Residential),"431 Melnea Cass Blvd, Boston, MA 02119, United States"
The Metropolitan,"1 Nassau St, Boston, MA 02111, United States"
The Modern,"255 Northampton St, Roxbury, MA 02118, United States"
The Mt Vernon,"1200 Soldiers Field Rd suite 102, Boston, MA 02134, United States"
The Nautica,"88 Constitution Rd, Boston, MA 02129, United States"
The Pierce,"200 Brookline Ave, Boston, MA 02215, United States"
The Radian,"120 Kingston St, Boston, MA 02111, United States"
The Residences At Forest Hills,"95 Hyde Park Ave, Boston, MA 02130, United States"
The Residences at St. Augustine,
The Residences at West Broadway,"50 W Broadway, Boston, MA 02127, United States"
The Residences on E,"The Residences, Boston, MA 02127, USA"
The Seville Boston Harbor,"250 Meridian St, Boston, MA 02128, United States"
The Stearns,"10 Temple Pl, Boston, MA 02111, United States"
The Sudbury [Govt Center Garage Rental],"50 Sudbury St, Boston, MA 02114, United States"
The Tremont,"1480-1482 Tremont St, Boston, MA 02120, United States"
Theroch,"133 Columbia Rd, Boston, MA 02121, United States"
Thetford-Dyer Neighborhood Homes,"Thetford Ave, Boston, MA 02124, USA"
Torre Unidad (2-49),"80 W Dedham St, Boston, MA 02118, United States"
Townhouses at Glenwood,"400 Georgetowne Dr, Hyde Park, MA 02136, United States"
Townhouses at Neponset River,"29 Neponset Field Ln, Hyde Park, MA 02136, United States"
Treadmark,"1971-1977 Dorchester Ave, Boston, MA 02124, United States"
Tremont Houses,"725 Tremont St, Boston, MA 02118, United States"
Trilogy Residential,"Fenway Triangle Trilogy, 170 Brookline Ave, Boston, MA 02215, United States"
Trinity Neighborhood House,"406 Meridian St, Boston, MA 02128, United States"
Trinity Terrace,"Trinity Terrace, Boston, MA 02121, USA"
Trolley House Condos,"335 W 2nd St, Boston, MA 02127, United States"
Troy Boston,"55 Traveler St, Boston, MA 02118, United States"
Trull/Ware Homes,
Twenty at Luma,
UE Apartments,"101 S Huntington Ave, Boston, MA 02130, United States"
UE Dixwell Park,"Dixwell St, Boston, MA 02119, USA"
Uhomes,"90 Antwerp St, Boston, MA 02135, United States"
Ulin House,"Boston, MA 02135, United States"
Uphams Corner Market Residential and Elderhouse,"545 Columbia Rd, Dorchester, MA 02125, United States"
Uphams Corner/Red Hazel Apts,"530 Columbia Rd, Boston, MA 02125, United States"
Uphams West,"Uphams Ct, Boston, MA 02125, USA"
Upton Street Lodging House,"592 Tremont St, Boston, MA 02118, United States"
Upton Street Lodging House Units,"592 Tremont St, Boston, MA 02118, United States"
Urbanica 691,"142 Berkeley St, Boston, MA 02116, United States"
Urbanica Highland Park (E+),"74 Highland St, Boston, MA 02119, United States"
Uva Douglas Estates,
Valenchuck (VUP),
Van Ness Terrace,"Van Ness St, Boston, MA 02215, USA"
Vet Step Up,"155 Neponset Ave, Boston, MA 02122, United States"
Veterans Studios at Brighton Marine,"77 Warren St, Brighton, MA 02135, United States"
VFW Parkway Condos,"1555 VFW Pkwy, West Roxbury, MA 02132, United States"
Victoria Apartments,"640 Tremont St, Boston, MA 02118, United States"
Victory Gardens Plaza,"54 Orleans St # 1, East Boston, MA 02128, United States"
Victory House,"566 Chester Square, Boston, MA 02118, United States"
Viet-AID,"42 Charles St, Boston, MA 02122, United States"
Villa Michelangelo,"1 Michelangelo St, Boston, MA 02113, United States"
Village At Cleary Square,"Stony Brook / Cleary Square, Boston, MA, USA"
Vines (VUP) CDFI,"The Schrafft Center, 529 Main St #201, Charlestown, MA 02129, United States"
Viridian,"1282 Boylston St, Boston, MA 02215, United States"
VITA,"3531 Washington St Suite 103, Jamaica Plain, MA 02130, United States"
Viviendas Associates I,"44 John Eliot Sq, Roxbury, MA 02119, United States"
Viviendas La Victoria II,"H58H+JQP, La Joya 04406, Peru"
Wait Street,"Wait St, Boston, MA 02115, USA"
Walker Park Apartments,"161 S Huntington Ave, Jamaica Plain, MA 02130, United States"
Wallingford Housing,"28 Wallingford Rd, Brighton, MA 02135, United States"
Walnut Avenue Apartments (SPO),"230 Walnut St, Newtonville, MA 02460, United States"
Walnut Community Housing,"237 Walnut Ave, Boston, MA 02119, United States"
Walnut House/Rogerson,
Walter Baker Lofts,"1231 Adams St, Boston, MA 02124, United States"
Walter J. Martin Coop,
Wardman Apts,"158 Walnut Ave, Boston, MA 02119, United States"
Wareham Lofts,"90 Wareham St, Boston, MA 02118, United States"
Warren Avenue Apts,"440 Tremont St UNIT 108, Boston, MA 02116, United States"
Warren Gardens Coop,"45 Walnut Ave, Roxbury, MA 02119, United States"
Warren Green Leasehold Condominiums,"42 8th St, Charlestown, MA 02129, United States"
Warren St Nursing Home,"565 Warren St, Boston, MA 02121, United States"
Washington Grove,"Washington St, Boston, MA 02132, USA"
"Washington Heights I, II","86 Crawford St, Dorchester, MA 02121, United States"
Washington Manor (2-44C),"1701 Washington St, Boston, MA 02118, United States"
Washington Mews,"Washington St, DORCHESTR CTR, MA 02124, USA"
Washington Street (2-35),"235 Washington St, Boston, MA 02108, USA"
Washington-Beech (2-13),"4560 Washington St, Roslindale, MA 02131, United States"
Waterford Place,"180 Shawmut Ave, Boston, MA 02118, United States"
Watermark Seaport Apartments,"85 Seaport Blvd, Boston, MA 02210, United States"
Waterside Place,"505 Congress St, Boston, MA 02210, United States"
Waterstone at the Circle,"385 Chestnut Hill Ave, Boston, MA 02135, United States"
Waterview Apartments,"1350 Columbia Rd, Boston, MA 02127, United States"
Watson (VUP),"1 Deaconess Rd # W, Boston, MA 02215, United States"
Waverly Abby - Bridge Over Troubled Waters,"47 West St, Boston, MA 02111, United States"
Waverly Homes II,"9 Bronsdon St, Brighton, MA 02135, United States"
Wayland Street Homes,"17 Pleasant St, Boston, MA 02125, United States"
Wayne Apartments,"393 Centre St, Dorchester, MA 02122, United States"
Wayne at Bicknell,"Wayne St, Boston, MA 02121, USA"
Wayne at Blue Hill,"Wayne St & Blue Hill Avenue, Boston, MA 02121, USA"
Wayne at Columbia,"173 Columbia Rd #173, Dorchester, MA 02121, United States"
Wayne at Franklin,"1 Shandon Rd, Dorchester Center, MA 02124, United States"
Weld Park Apts,
Wellington Hill Phase I,"45 Wellington Hill St, Mattapan, MA 02126, United States"
Wellington Hill Phase II,"Hummingbird Ln, Boston, MA 02126, United States"
Welsh (VUP),"101 Arch St, Boston, MA 02110, United States"
West Broadway/D St (200-1),"45 W Broadway, Boston, MA 02127, United States"
West Cottage St Condominiums,"54 Pleasant St, Boston, MA 02125, United States"
West Fenway Elderly,"110 Peterborough St, Boston, MA 02215, United States"
West Newton Street (2-58),"258 W Newton St, Boston, MA 02116, USA"
West Ninth Street (2-36),"236 W 9th St, Boston, MA 02127, USA"
West Roxbury Residences,"1235 VFW Pkwy, West Roxbury, MA 02132, United States"
West Square,"320 D St, Boston, MA 02127, United States"
Westland Avenue Apartments,"66 Westland Ave # 205, Boston, MA 02115, United States"
Westminster 21 (Urban Edge),"1542 Columbus Ave, Roxbury, MA 02119, United States"
Westminster Court,"Westminster Ct, Boston, MA 02119, USA"
Whittier Street Apartments (2-11),"1158 Tremont St, Boston, MA 02120, United States"
Whittier/Lyndhurst/Washington,
Wilder Gardens,"377 Wilder St, Lowell, MA 01851, United States"
Wilkes Passage Loft Condominium,"1313 Washington St, Boston, MA 02118, United States"
Williams (VUP),
Willowwood|Hildreth NHI,"Willowwood St, Boston, MA 02124, USA"
Wilshire Apartments,"Cheney St, Boston, MA 02121, United States"
Winslow Court,"Winslow St, Boston, MA 02119, USA"
Winston/Harwood (689-?),
Wood (VUP),
Woodbourne Elderly Apts,"6 Southbourne Rd #4208, Jamaica Plain, MA 02130, United States"
Woodbury Cunard Building,
Woodledge/Granfield,"Woodledge St, Boston, MA 02125, USA"
Woodward Park - North - Home Again,"Woodward Park St, Boston, MA 02125, USA"
Woodward Park II - HOME AGAIN,"Woodward Park St, Boston, MA 02125, USA"
Worcester House,
Worcester Square,"Worcester Square, Boston, MA 02118, USA"
Wrentham St School,"120 Taunton St, Wrentham, MA 02093, United States"
x & 404 West Second St,"404 W 2nd St, Boston, MA 02127, USA"
x & 50 Corbet (REMS Land),
x & x St George Street Condominium,"St George St, Boston, MA 02118, USA"
x -1740 Washington St,"558 Washington St, Boston, MA 02111, United States"
x A Street,"39 A St, Boston, MA 02127, United States"
x A Street Front,"39 A St, Boston, MA 02127, United States"
x Adams Street,"735 Adams St, Boston, MA 02122, United States"
x Albany Street,"725 Albany St, Boston, MA 02118, United States"
x Algonquin St,"15 Algonquin St, Boston, MA 02124, United States"
x Alpine Street,"131 Dale St, Boston, MA 02119, United States"
x Alvah Kittredge Park,"2P, Alvah Kittredge Park, Boston, MA 02119, United States"
x American Legion Highway (AOP),"950 American Legion Hwy, Roslindale, MA 02131, United States"
x Amory Ave,"125 Amory St, Boston, MA 02119, United States"
x Amory St,"125 Amory St, Boston, MA 02119, United States"
x and 120-122 Mt. Pleasant Avenue,"120 Mt Pleasant Ave, Boston, MA 02119, USA"
x and 380 Harrison Ave,"380 Harrison Ave, Boston, MA 02118, United States"
x Arbutus (YouthBuild),"27 Centre St, Boston, MA 02119, United States"
x Arbutus Street,"637 Washington St, Boston, MA 02124, United States"
x Arlington St (AOP),"156 Arlington St, Hyde Park, MA 02136, United States"
x Ashland St,"43 Freeport St, Boston, MA 02122, United States"
x Astoria Street (Beharry VUP),"Astoria St, Boston, MA 02126, USA"
x Athens St,"2-50 Athens St, Boston, MA 02127, United States"
x B Street,"178 W Fourth St, Boston, MA 02127, United States"
x Banton St,"637 Washington St, Boston, MA 02124, United States"
x Batchelder St,"35 Batchelder St, Boston, MA 02119, United States"
x Beach St. Loft Condominium,"210 South St, Boston, MA 02111, United States"
x Belgrade Ave,"331 Belgrade Ave, Boston, MA 02131, United States"
x Bellevue Street,"43 Freeport St, Boston, MA 02122, United States"
x Bennington St,"354-356 Bennington St, East Boston, MA 02128, United States"
x Bennington St (AOP),"296 Bennington St #2, Boston, MA 02128, United States"
x Bennington St. EBO 02128-COB,"917 Bennington St, Boston, MA 02128, United States"
x Birch Rd (RDP),
x Blackinton St (AOP),"Blackinton St, Boston, MA 02128, USA"
x Blue Hill Ave,"1480 Blue Hill Avenue, Boston, MA 02126, United States"
x Blue Hill Ave (REMS buildings),"1480 Blue Hill Avenue, Boston, MA 02126, United States"
x Boardman,"162 Boardman St, East Boston, MA 02128, United States"
x Boardman St,"430 William F McClellan Hwy, Boston, MA 02128, United States"
x Bowdoin Ave (AOP),"230 Bowdoin St, Dorchester, MA 02122, United States"
x Bowdoin St,"230 Bowdoin St, Dorchester, MA 02122, United States"
x Bowdoin St (RDP),"200 Bowdoin St, Dorchester, MA 02122, United States"
x Boylston,"1330 Boylston St, Boston, MA 02215, United States"
x Boylston Rehab Phase,"Boylston St, Boston, MA 02116, USA"
x Boylston St,"500 Boylston St, Boston, MA 02116, United States"
x Braintree Street,"75 Braintree St, Allston, MA 02134, United States"
x Breed St (AOP),"Breed St, Boston, MA 02128, USA"
x Bremen St,"70 S Bremen St, Boston, MA 02128, United States"
x Bremen St (AOP),"70 S Bremen St, Boston, MA 02128, United States"
x Broad Street,"89 Broad St, Boston, MA 02110, United States"
x Brooks St (AOP),"107 Brooks St, Boston, MA 02128, United States"
x Burbank Street,"18 Haviland St, Boston, MA 02115, United States"
x Burt St/VOA Sober House,"Burt St, Boston, MA 02124, USA"
x Bushnell St,"43 Freeport St, Boston, MA 02122, United States"
x Cambridge,"355 Main St, Cambridge, MA 02142, United States"
x Cambridge St,"334 Cambridge St, Boston, MA 02134, United States"
x Cambridge Street,"334 Cambridge St, Boston, MA 02134, United States"
x Cameron Street,"43 Freeport St, Boston, MA 02122, United States"
x Carlford Rd,"288 Hyde Park Ave, Jamaica Plain, MA 02130, United States"
x Catawba St - Youthbuild,"27 Centre St, Boston, MA 02119, United States"
x Centre Street,"225 Centre St, Roxbury, MA 02119, United States"
x Cetnre Street,"670 Centre St, Boston, MA 02130, United States"
x Chamblet Street,"12 Chamblet St, Boston, MA 02125, United States"
x Chaucer St (AOP),"Chaucer St, Boston, MA 02128, USA"
x Chauncy Street Condominium,"115 Chauncy St #1740, Boston, MA 02111, United States"
x Chelsea St (1-4 Program),"1 Chelsea St, Charlestown, MA 02129, USA"
x Chelsea St (AOP),"319 Chelsea St, Boston, MA 02128, United States"
x Chelsea Street E. Boston - COB,"183 Chelsea St, Boston, MA 02128, United States"
x Chestnut Ave (1-4 Program),"1 Chestnut Ave, Jamaica Plain, MA 02130, USA"
x Chestnut Hill Ave,"332 Chestnut Hill Ave, Brighton, MA 02135, United States"
x Chipman St (RDP),"Chipman St, Boston, MA 02124, USA"
x Clarkson St,"43 Freeport St, Boston, MA 02122, United States"
x Clifton St,"62 Clifton St, Dorchester, MA 02125, United States"
x Clifton St (RDP),
x Coffey St,"43 Freeport St, Boston, MA 02122, United States"
x Coleman St (1-4 Program),"1 Coleman St, Boston, MA 02125, USA"
x Coleman St (REO),"Coleman St, Boston, MA 02125, USA"
x Coleman Street,"43 Freeport St, Boston, MA 02122, United States"
x Colonial Avenue E+,"Colonial Ave, Boston, MA 02124, USA"
x Columbus Ave,"Boston, MA 02120, United States"
x Columbus Ave Conversion,"285 Columbus Ave, Boston, MA 02116, United States"
x Columbus Avenue,"Boston, MA 02120, United States"
x Commercial St,"386 Commercial Street, Boston, MA 02109, United States"
x Commonwealth Ave,"2000 Commonwealth Ave, Brighton, MA 02135, United States"
x Commonwealth Ave (Phase 2 - Dorm/Micro Conversion),"575 Commonwealth Ave, Boston, MA 02215, United States"
x Commonwealth Avenue,"1144-1160 Commonwealth Ave, Boston, MA 02134, United States"
x Congress Street,"330 Congress St, Boston, MA 02210, United States"
x Corman Road Mattapan - COB,"Corman Rd, Boston, MA 02126, USA"
x Cranston St,"201 S Huntington Ave, Boston, MA 02130, United States"
x Crawford Street SRO,"86 Crawford St, Dorchester, MA 02121, United States"
x Cummins Highway,"627 Cummins Hwy, Mattapan, MA 02126, United States"
x D St,
x D Street,"320 D St, Boston, MA 02127, United States"
x Dacia Street,"16 Dacia St, Dorchester, MA 02125, United States"
x Dale Street Condominium,"72 Dale St, Boston, MA 02119, United States"
x Devon Street,"647 Warren St #25, Dorchester, MA 02121, United States"
x Dorchester Av,"2235 Dorchester Ave, Boston, MA 02124, United States"
x Dorchester Ave,"43 Freeport St, Boston, MA 02122, United States"
x Dorchester Ave. (SPO),"1420 Dorchester Ave, Dorchester, MA 02122, United States"
x Dorchester Avenue,"141 Dorchester Ave, Boston, MA 02127, United States"
x Dorchester St,"39 Dorchester St, South Boston, MA 02127, United States"
x Dorchester St.,"39 Dorchester St, South Boston, MA 02127, United States"
x Draper St (BuildHOME),"Draper St, Boston, MA 02122, USA"
x Dudley St (REO),"778 Dudley St, Dorchester, MA 02125, United States"
x Dudley Street,"550 Dudley St, Roxbury, MA 02119, United States"
x Dunlap Street,"43 Freeport St, Boston, MA 02122, United States"
x Dunreath St (RDP),"Dunreath St, Boston, MA 02119, USA"
x E Eagle Street (AOP),"55 E Eagle St, East Boston, MA 02128, United States"
x E Fifth Street,"330 Congress St, Boston, MA 02210, United States"
x E Second St,"850 Summer St Suite 207, Boston, MA 02127, United States"
x E Third St,"330 Congress St, Boston, MA 02210, United States"
x East Broadway,"726 E Broadway, Boston, MA 02127, United States"
x East Brookline,"99 Brookline Ave, Boston, MA 02215, United States"
x East First,"330 Congress St, Boston, MA 02210, United States"
x East Second,"850 Summer St Suite 207, Boston, MA 02127, United States"
x East Second Street,"516 E 2nd St, Boston, MA 02127, United States"
x East Springfield St,"Boston, MA 02118, United States"
x East Third St,"850 Summer St Suite 207, Boston, MA 02127, United States"
x Elizabeth St,"1480 Blue Hill Avenue, Boston, MA 02126, United States"
x Ellington St,"647 Warren St #25, Dorchester, MA 02121, United States"
x Elwyn Road (REO),"Elwyn Rd, Boston, MA 02124, USA"
x Esmond Street,"647 Warren St #25, Dorchester, MA 02121, United States"
x Eustis Street,"33 Shirley St, Boston, MA 02119, United States"
x Eutaw St (AOP),"Eutaw St, Boston, MA 02128, USA"
x Evans Street: Perry,"37 Evans St, Dorchester, MA 02124, United States"
x Everett St,"174 Paris St, East Boston, MA 02128, United States"
x Fairland St (Lee VUP),
x Fairmount Ave,"150 Fairmount Ave, Hyde Park, MA 02136, United States"
x Falcon St (AOP),"Falcon St, Boston, MA 02128, USA"
x Fisher Ave,"120 Fisher Ave, Boston, MA 02120, United States"
x Fort Avenue,"22-98 Fort Ave, Boston, MA 02119, United States"
x Fottler (REMS Land),"Fottler Rd, Boston, MA 02126, USA"
x Gaston (RDP),
x Gladstone St (AOP),"Gladstone St, Boston, MA 02128, USA"
x Glendon St (AOP),"Glendon St, Boston, MA 02128, USA"
x Glenway St,"90 Glenway St, Boston, MA 02121, United States"
x Glenway Street,"90 Glenway St, Boston, MA 02121, United States"
x Glenway Street (1-4),"90 Glenway St, Boston, MA 02121, United States"
x Gordon Avenue,"11 Gordon Ave, Hyde Park, MA 02136, United States"
x Green Street,"150 Green St, Boston, MA 02130, United States"
x Greenbrier St (BuildHome),"Greenbrier St, Boston, MA 02124, USA"
x Greenwich Park*,"Greenwich Park, Boston, MA 02118, USA"
x H Street,"120 H St, Boston, MA 02127, United States"
x Hancock,"40 Hancock St, Dorchester, MA 02125, United States"
x Hanover St,"332 Hanover St, Boston, MA 02113, United States"
x Harold Street,"208 Harold St, Boston, MA 02121, United States"
x Harrison Ave,"345 Harrison Ave, Boston, MA 02118, United States"
x Harrison Ave Condos,"700 Harrison Ave, Boston, MA 02118, United States"
x Harrison Avenue,"345 Harrison Ave, Boston, MA 02118, United States"
x Harvard Street,"301 Harvard St, Boston, MA 02124, United States"
x Hawthorne Pl,"2 Hawthorne Pl, Boston, MA 02114, United States"
x Hawthorne Street,"72 Dale St, Boston, MA 02119, United States"
x Hemenway,"768 Huntington Ave, Boston, MA 02115, United States"
x Hemenway Coop,"Hemenway St, Boston, MA 02115, USA"
x Hendry St (REO),"Hendry St, Boston, MA 02122, USA"
x Hichborn St,"26 Hichborn St, Brighton, MA 02135, United States"
x Highland St E+,"Highland St, Boston, MA 02119, USA"
x Highland Street,"1 Highland St, Roxbury, MA 02119, United States"
x Holborn Terrace,"647 Warren St #25, Dorchester, MA 02121, United States"
x Hollander Street,"55 Hollander St, Roxbury, MA 02119, United States"
x Homes Ave Development,"Homes Ave, Boston, MA 02122, USA"
x Hosmer St (Lee VUP),
x House (SPO),
x Howard Ave,"185 Howard Ave, Dorchester, MA 02125, United States"
x Huckins St,"72 Dale St, Boston, MA 02119, United States"
x Hudson St (AOP),"66 Hudson St, Boston, MA 02111, United States"
x Humboldt Avenue,"198 Humboldt Ave, Dorchester, MA 02121, United States"
x Humboldt Avenue-202,"202 Humboldt Ave, Boston, MA 02121, United States"
x Humphreys Place (AOP),"Humphreys Pl, Boston, MA 02125, USA"
x Huntington Avenue,"201 S Huntington Ave, Boston, MA 02130, United States"
x Hutchings Street,"17 Blakeville St, Dorchester, MA 02121, United States"
x Hyde Park Ave,"1074 Hyde Park Ave, Hyde Park, MA 02136, United States"
x Hyde Park Avenue,"1074 Hyde Park Ave, Hyde Park, MA 02136, United States"
x Intervale St (RDP),"Intervale St, Boston, MA 02121, USA"
x Itasca Street,
x Juniper Street,"72 Dale St, Boston, MA 02119, United States"
x Kingsdale St,"71 Kingsdale St, Dorchester Center, MA 02124, United States"
x L Street,"77 L St, Boston, MA 02127, United States"
x Landor Road,"676 Morton St, Mattapan, MA 02126, United States"
x Lawnwood Place Project,"250 1st Ave, Charlestown, MA 02129, United States"
x Lawrence Avenue,"647 Warren St #25, Dorchester, MA 02121, United States"
x Leighton Rd Foreclosed Home Sale,"Leighton Rd, Boston, MA 02136, USA"
x Leroy St (AOP),"Leroy St, Boston, MA 02122, USA"
x Levant St,"1454 Dorchester Ave, Dorchester, MA 02122, United States"
x Lexington Ave (AOP),"727 Marrett Rd A, Lexington, MA 02421, United States"
x Lexington St (1-4 Program),"1 Lexington St, Boston, MA 02128, USA"
x Lexington/92-94 Putnam (1-4),
x Leyden St (AOP),"Leyden St, Boston, MA 02128, USA"
x Lorne Street,"1 Lorne St, Boston, MA 02124, United States"
x Magnolia St,"206 Magnolia St, Boston, MA 02121, United States"
x Magnolia St (RDP),
x Mallon Road,"647 Warren St #25, Dorchester, MA 02121, United States"
x Malvern St,"40 Malvern St, Boston, MA 02134, United States"
x Manor St (RDP),"Manor St, Boston, MA 02122, USA"
x Marion Place,"174 Paris St, East Boston, MA 02128, United States"
x Marion St,"127 Marion St, Boston, MA 02128, United States"
x Market St,"195 Market St, Brighton, MA 02135, United States"
x Market Street,"356-358 Market St, Boston, MA 02135, United States"
x Mass. Ave. (BCLT),"666 Massachusetts Ave, Boston, MA 02118, United States"
x Massachusetts Ave,"1258 Massachusetts Ave, Dorchester, MA 02125, United States"
x Massachusetts Avenue,"811 Massachusetts Ave, Boston, MA 02118, United States"
x Maverick St,"Maverick St, Boston, MA 02128, USA"
x Maverick St (AOP),"154 Maverick St, Boston, MA 02128, United States"
x Maywood Street,"131 Dale St, Boston, MA 02119, United States"
x McBride St,"141 McBride St, Jamaica Plain, MA 02130, United States"
x Medford St,"305 Medford St, Boston, MA 02129, United States"
x Metropolitan Ave,"680 Metropolitan Ave, Hyde Park, MA 02136, United States"
x Milton Street,"637 Washington St, Boston, MA 02124, United States"
x Minden St,"91 Minden St, Jamaica Plain, MA 02130, United States"
x Minden Street,"91 Minden St, Jamaica Plain, MA 02130, United States"
x Miner Street,"9 Miner St, Boston, MA 02215, United States"
x Monsignor Way,"Msgr Patrick J Lydon Way, Boston, MA 02124, USA"
x Morris Street (AOP),"Morris St, Boston, MA 02128, USA"
x Morse Street,"647 Warren St #25, Dorchester, MA 02121, United States"
x Mount Everett NHI,"Mt Everett St, Boston, MA 02125, USA"
x Mountfort St,"120 Mountfort St, Boston, MA 02215, United States"
x Mt. Pleasant Ave SRO,"28 Mt Pleasant Ave, Boston, MA 02119, United States"
x Mt. Pleasant Avenue,"28 Mt Pleasant Ave, Boston, MA 02119, United States"
x Murray Ave,"must call for appointment, 39 Smith St, Boston, MA 02120, United States"
x Murray Ave (1-4),"4 Murray Ave #1, Boston, MA 02119, USA"
x N Beacon,"15 N Beacon St, Allston, MA 02134, United States"
x N Beacon St (Condo Phase),"15 N Beacon St, Boston, MA 02134, United States"
x N Beacon St (Rental Phase),"15 N Beacon St, Allston, MA 02134, United States"
x N Beacon St Mixed Use Development,"N Beacon St, Boston, MA 02134, USA"
x Nelson Street,"43 Freeport St, Boston, MA 02122, United States"
x Neponset Ave,"320 Neponset Ave, Dorchester, MA 02122, United States"
x Newbury - Virgin Records,"Newbury St, Boston, MA 02115, USA"
x Nightingale Street,"101 Nightingale St, Boston, MA 02124, United States"
x Norfolk Street (RDP),"Norfolk St, DORCHESTR CTR, MA 02124, USA"
x North Ave/YouthBuild,"27 Centre St, Boston, MA 02119, United States"
x Northampton Apts,"35 Northampton St, Boston, MA 02118, United States"
x Norwell St - YouthBuild,
x Norwell Street (REO/Private Acquisition),"Norwell St, Boston, MA 02121, USA"
x Oak Street (AOP),"Oak St, Boston, MA 02111, USA"
x Old Colony,"232 Old Colony Ave, Boston, MA 02127, United States"
x Old Colony Ave,"232 Old Colony Ave, Boston, MA 02127, United States"
x Orleans Street,"151 Orleans St, Boston, MA 02128, United States"
x Otisfield St (BuildHome),"Otisfield St, Boston, MA 02121, USA"
x Page St (James VUP),"Page St, Boston, MA 02121, USA"
x Park Drive,"231-235 Park Dr, Boston, MA 02215, United States"
x Park St,"150 M.L.K. Jr Blvd, Boston, MA 02119, United States"
x Park St Lodging House,"1564 Dorchester Ave, Dorchester, MA 02122, United States"
x Park St/YouthBuild,"27 Centre St, Boston, MA 02119, United States"
x Parker Hill Ave,"11 Parker Hill Ave, Boston, MA 02120, United States"
x Peacevale Rd,"9 Peacevale Rd, Boston, MA 02124, United States"
x Peterborough,"109 Peterborough St, Boston, MA 02215, United States"
x Peterborough Street,"109 Peterborough St, Boston, MA 02215, United States"
x Pier 4,"100 Pier 4 Blvd. #2218, Boston, MA 02210, United States"
x Pleasant St,"54 Pleasant St, Boston, MA 02125, United States"
x Prescott Street,"240 Prescott St, Boston, MA 02128, United States"
x Prince St Catholic Church Property,"320 Hanover St, Boston, MA 02113, United States"
x Princeton St (AOP),"Princeton St, Boston, MA 02128, USA"
x Princeton Street (1-4),"223 1/2 Princeton St, Boston, MA 02128, USA"
x Puritan Ave,"43 Freeport St, Boston, MA 02122, United States"
x Putnam St (AOP),"Putnam St, Boston, MA 02128, USA"
x Quincy St (REO),"Quincy St, Boston, MA 02125, USA"
x Quincy Street,"43 Freeport St, Boston, MA 02122, United States"
x Quincy Street (1-4),"1 Quincy St, Boston, MA 02121, USA"
x Ridgewood St. (REO),"Ridgewood St, Boston, MA 02122, USA"
x Rill St (BuildHome),"Rill St, Boston, MA 02125, USA"
x River St,"989 River St, Hyde Park, MA 02136, United States"
x River St (AOP),
x River Street,"79 River St, Mattapan, MA 02126, United States"
x Robert Street,"31 Robert St, Roslindale, MA 02131, United States"
x Rockland Avenue,"must call for appointment, 39 Smith St, Boston, MA 02120, United States"
x Rockwell Street,"28 Rockwell St, Boston, MA 02124, United States"
x Roxbury St,"72 Dale St, Boston, MA 02119, United States"
x Ruggles Assisted Living,"25 Ruggles St, Boston, MA 02119, United States"
x Ruskindale Road,"154 Ruskindale Rd, Hyde Park, MA 02136, United States"
x Rutherford Ave,"570 Rutherford Ave, Boston, MA 02129, United States"
x Saratoga St,"1150 Saratoga St, Boston, MA 02128, United States"
x Saratoga St (AOP),"1150 Saratoga St, Boston, MA 02128, United States"
x Savin Hill Ave,"125 Savin Hill Ave, Dorchester, MA 02124, United States"
x Savin Street,"must call for appointment, 39 Smith St, Boston, MA 02120, United States"
x Schuyler St (BuildHome),"Schuyler St, Boston, MA 02121, USA"
x Seaver Street,"122 Seaver St, Boston, MA 02121, United States"
x Selden St,"98 Selden St, Dorchester, MA 02124, United States"
x Selden St (BuildHome),"Selden St, DORCHESTR CTR, MA 02124, USA"
x Shetland St,"13 Shetland St, Boston, MA 02119, United States"
x South Huntington,"116 Huntington Ave, Boston, MA 02116, United States"
x Southern Ave (Johnson VUP),"Southern Ave, Boston, MA 02124, USA"
x Spencer St (RDP),"Spencer St, Boston, MA 02124, USA"
x Spencer Street,"Boston, MA 02124, United States"
x Spring Street,"116 Spring St, Boston, MA 02132, United States"
x St Alphonsus St,"95 St Alphonsus St, Boston, MA 02120, United States"
x St Andrew Rd (AOP),"St Andrew Rd, Boston, MA 02128, USA"
x St. Andrew Rd (AOP),"St Andrew Rd, Boston, MA 02128, USA"
x Stanwood St,"647 Warren St #25, Dorchester, MA 02121, United States"
x Stillman St. Conodminium,"44 Prince St, Boston, MA 02113, United States"
x Stonley,
x Stoughton Neighborhood Homes,"17 Stoughton St, Dorchester, MA 02125, United States"
x Stratton Street,"must call for appointment, 39 Smith St, Boston, MA 02120, United States"
x Summit Aveue,"Beacon St &, Summit Ave, Brookline, MA 02446, United States"
x Sumner Street,"125 Sumner St, Boston, MA 02128, United States"
x Sumner Street [Clippership Wharf Offsite Affd],"63 Lewis St, East Boston, MA 02128, United States"
x SUSSEX (RDP),"Falmer, Brighton BN1 9RH, United Kingdom"
x Sussex Street (RDP),
x Taber St,"10 Taber St, Boston, MA 02119, United States"
x Tafthill Park,"17 Taft Hill Terrace, Boston, MA 02131, United States"
x Talbot Ave,"191 Talbot Ave, Boston, MA 02124, United States"
x Talbot Ave (REO),"210 Talbot Ave, Boston, MA 02124, United States"
x Talbot Avenue,"450 Talbot Ave, Dorchester Center, MA 02124, United States"
x Tennis Road,
x Toledo Terrace,"1454 Dorchester Ave, Dorchester, MA 02122, United States"
x Tonawanda St (Johnson VUP),"Tonawanda St, Boston, MA 02124, USA"
x Topliff St (REO),"Topliff St, Boston, MA 02122, USA"
x Tremlett Street,"39 W Tremlett St, Boston, MA 02124, United States"
x Tremont,"Boston, MA 02120, United States"
x Tremont St,"Boston, MA 02120, United States"
x Tremont Street,"1457 Tremont St, Boston, MA 02120, United States"
x Tremont Street Apartments,"111 Tremont St #109, Brighton, MA 02135, United States"
x Truman Parkway,"792 Truman Pkwy, Boston, MA 02136, United States"
x Union Ave,"Union Ave, Boston, MA 02130, USA"
x Verrill St & x 0-x 4 Ballou Ave,"Verrill St, Boston, MA 02126, USA"
x W Broadway,"14 W Broadway, Boston, MA 02127, United States"
x W Broadway [Seaport Square Block M Offsite],"W Broadway, Boston, MA 02127, USA"
x W Newton St,"252 W Newton St, Boston, MA 02116, United States"
x W Park St (AOP),"1 Park St, Boston, MA 02108, United States"
x W Second,"340 W 2nd St, Boston, MA 02127, United States"
x W Second St,"340 W 2nd St, Boston, MA 02127, United States"
x Walk Hill St (Johnson VUP),"Walk Hill St, Boston, MA 02126, USA"
x Walley St,"11 Walley St, Boston, MA 02128, United States"
x Wareham,"27 Wareham St, Boston, MA 02118, United States"
x Warren St. Lodging,"529 Chestnut St, Ashland, MA 01721, United States"
x Warren Street (1-4),"1 Warren St, Boston, MA 02119, USA"
x Warren Supportive Housing Phase 1 - Acquisition,
x Washington,"5120 Washington St, West Roxbury, MA 02132, United States"
x Washington (Archer/Bonell),"Washington St, Boston, MA 02119, USA"
x Washington [Belvidere/Dalton East Offsites],
x Washington St,"1387 Washington St, Boston, MA 02118, United States"
x Washington St (AOP),"558 Washington St, Boston, MA 02111, United States"
x Washington St AB&W Cooperative Building,"157 Washington St, Dorchester, MA 02121, United States"
x Washington St Lodging,"68 Welles Ave, Boston, MA 02124, United States"
x Washington Street,
x Washington Street Project,"1145 Washington St, Boston, MA 02118, United States"
x Waverly Street,"72 Dale St, Boston, MA 02119, United States"
x Wayland St. Dorchester - COB,"Wayland St, Boston, MA 02125, USA"
"x Wellesley Park, #1","1 Wellesley Park, Boston, MA 02124, USA"
x Wenhan St (RDP),
x Wentworth St (BuildHome),"Wentworth St, Boston, MA 02124, USA"
x West 7th St (BRA acq),"W Seventh St, Boston, MA 02127, USA"
x West 7th Street,"51 W Seventh St, Boston, MA 02127, United States"
x West Broadway,"14 W Broadway, Boston, MA 02127, United States"
x West Second St Condos,"340 W 2nd St, Boston, MA 02127, United States"
x West Walnut Pk.,"66 Walnut Park, Roxbury, MA 02119, United States"
x Western Ave,"446 Western Ave, Boston, MA 02135, United States"
x Westland Avenue,"16 Westland Ave, Boston, MA 02115, United States"
x Westminister Ave,
x Westminster (AOP),
x Westmore Rd (BuildHome),"Westmore Rd, Boston, MA 02126, USA"
x Wheatland Avenue,"637 Washington St, Boston, MA 02124, United States"
x Wildwood Street,"43 Freeport St, Boston, MA 02122, United States"
x Willow Court,"131 Dale St, Boston, MA 02119, United States"
x Winston Rd,"113 Charles St, Boston, MA 02114, United States"
x Woodbine (REO),
x Woodbine Street,"131 Dale St, Boston, MA 02119, United States"
x Woodrow Ave (James VUP),"Woodrow Ave, Boston, MA 02124, USA"
x Woodville,"131 Dale St, Boston, MA 02119, United States"
x Woodward St (AOP),"Woodward St, Boston, MA 02127, USA"
x Wordsworth St (AOP),"7 Wordsworth St, Boston, MA 02128, United States"
x x Harrishof St,"8 Allstate Rd, Boston, MA 02118, United States"
x Zeigler Street,"131 Zeigler St, Boston, MA 02119, United States"
xx A Street,"39 A St, Boston, MA 02127, United States"
xx B Street,"320 D St, Boston, MA 02127, United States"
xx Blue Hill Ave,"863 Blue Hill Avenue, Boston, MA 02124, United States"
xx Bowdoin St,"230 Bowdoin St, Dorchester, MA 02122, United States"
xx Chaucer St (AOP),"Chaucer St, Boston, MA 02128, USA"
xx Chelsea St (AOP),"411 Chelsea St, Boston, MA 02128, United States"
xx Coleman Street,"Coleman St, Boston, MA 02125, USA"
xx Cummins Highway,"926 Cummins Hwy, Mattapan, MA 02126, United States"
xx Dorchester Ave,"2297 Dorchester Ave, Boston, MA 02124, United States"
xx Dorchester St,"77 Dorchester St, Boston, MA 02127, United States"
xx Eustis Street,"20 Eustis St, Roxbury, MA 02119, United States"
xx Everett St,"411 Chelsea St, Boston, MA 02128, United States"
xx Gladstone St (AOP),"Gladstone St, Boston, MA 02128, USA"
xx Harrison Ave,"345 Harrison Ave, Boston, MA 02118, United States"
xx Huckins St,"Huckins St, Boston, MA 02119, USA"
xx L Street,"658 E 8th St, Boston, MA 02127, United States"
xx Lexington St (1-4 Program),"1 Lexington St, Boston, MA 02128, USA"
xx Magnolia St,"206 Magnolia St, Boston, MA 02121, United States"
xx Marion St,"10 Corporate Dr, Burlington, MA 01803, United States"
xx Market St,"241 Market St, Brighton, MA 02135, United States"
xx Maverick St,"Maverick St, Boston, MA 02128, USA"
xx Maywood Street,"Cheney Building, 55 Dimock St, Boston, MA 02119, United States"
xx Nelson Street,"9 Peacevale Rd, Boston, MA 02124, United States"
xx Old Colony Ave,"60 Old Colony Ave, Boston, MA 02127, United States"
xx River Street,"885 River St, Boston, MA 02136, United States"
xx Saratoga St (AOP),"Saratoga St, Boston, MA 02128, USA"
xx Talbot Ave,"185 Talbot Ave, Dorchester, MA 02124, United States"
xx Tremont Street,"1626 Tremont St, Boston, MA 02120, United States"
xx W Broadway,"45 W Broadway, Boston, MA 02127, United States"
xx Washington St,"3200 Washington St, Jamaica Plain, MA 02130, United States"
xx Wentworth St (BuildHome),"Wentworth St, Boston, MA 02124, USA"
xx West Broadway,"45 W Broadway, Boston, MA 02127, United States"
xxx A Street,"x x x, 119 Braintree St UNIT 403, Allston, MA 02134, United States"
xxx Beacon St,"10 Corporate Dr, Burlington, MA 01803, United States"
xxx Blue Hill Ave,"x x x, 119 Braintree St UNIT 403, Allston, MA 02134, United States"
xxx Blue Hill Avenue,"Blue Hill Avenue, Boston, MA 02121, USA"
xxx Boylston Street,"x x x, 119 Braintree St UNIT 403, Allston, MA 02134, United States"
xxx Clarkson St (REO),"Clarkson St, Boston, MA 02125, USA"
xxx Harrison Ave,"x x x, 119 Braintree St UNIT 403, Allston, MA 02134, United States"
xxx Marion St,"x x x, 119 Braintree St UNIT 403, Allston, MA 02134, United States"
xxx Saratoga Street,"x x x, 119 Braintree St UNIT 403, Allston, MA 02134, United States"
xxx Washington St,"Washington St, Massachusetts, USA"
xxx West Broadway,
xxxx Beacon St,"Beacon St, Boston, MA 02215, USA"
xxxx Blue Hill Ave,"Blue Hill Avenue, Boston, MA 02126, USA"
xxxx Blue Hill Avenue,
xxxx Boylston Street,"Boylston St, Boston, MA 02116, USA"
xxxx Clarkson St (REO),"Clarkson St, Boston, MA 02125, USA"
xxxx Saratoga Street,"Saratoga St, Boston, MA 02128, USA"
xxxx Washington St,"Washington St, Boston, MA 02130, USA"
xxxx West Broadway,"W Broadway, Boston, MA 02127, USA"
xxxxx Blue Hill Ave,"456 Blue Hill Avenue, Dorchester, MA 02121, United States"
xxxxx Clarkson St (REO),
xxxxx Washington St,"Washington St, Boston, MA 02130, USA"
xxxxx West Broadway,"6 W Broadway, Boston, MA 02127, United States"
xxxxxx Washington St,"1140 Washington St, Dorchester Center, MA 02124, United States"
xxxxxx West Broadway,"420 W Broadway, Boston, MA 02127, United States"
xxxxxxx Blue Hill Ave,"388 Blue Hill Avenue, Boston, MA 02121, United States"
xxxxxxxx Blue Hill Ave,"491 Blue Hill Avenue, Boston, MA 02121, United States"
YouthBuild Ruskindale Rd,"1785 Columbus Ave #500, Roxbury, MA 02119, United States"
YWCA Berkeley,"40 Berkeley St, Boston, MA 02116, United States"
YWCA Boston Units,"140 Clarendon St, Boston, MA 02116, United States"
Zebra Condominium,"1313 Washington St, Boston, MA 02118, United States"
